root_id,super_class,cell_class,cell_type,top_nt,top_nt_conf,side,nerve
720575940628307026,optic,LOP>ME.LO,Am1,gaba,0.8753732832984362,right,
720575940605793894,optic,LO>LOP,T5b,acetylcholine,0.6523695917417704,right,
720575940605819680,optic,ME>LO.LOP,TmY5a,glutamate,0.6635911261794887,right,
720575940600071689,optic,LO>LOP,T5b,acetylcholine,0.5741168702153358,right,
720575940600124169,optic,LO>LOP,T5b,acetylcholine,0.5817661026207082,right,
720575940603714652,optic,LO>LOP,T5b,acetylcholine,0.6076189168263877,right,
720575940616904889,optic,LO>LOP,T5b,acetylcholine,0.748678852063863,right,
720575940616949977,optic,ME>LOP,T4b,acetylcholine,0.7049551939813339,right,
720575940616154580,optic,ME>LO.LOP,TmY5a,glutamate,0.5531878852025055,right,
720575940616163189,optic,ME>LO.LOP,TmY5a,glutamate,0.562958758357506,right,
720575940616174292,optic,LO>LOP,T5b,acetylcholine,0.4672437820297305,right,
720575940616219353,optic,LO>LOP,T5b,acetylcholine,0.7299938538290902,right,
720575940616300230,optic,ME>LO,TmY5a,glutamate,0.5832755977809405,right,
720575940617109435,optic,ME>LO.LOP,TmY5a,glutamate,0.7070248771849951,right,
720575940617109691,optic,ME>LO.LOP,TmY5a,glutamate,0.6737125455551971,right,
720575940617110233,optic,LO>LOP,T5b,acetylcholine,0.5065591521947119,right,
720575940617161617,optic,ME>LO.LOP,TmY5a,glutamate,0.618673999010821,right,
720575940634866799,optic,LO>LOP,T5b,acetylcholine,0.5642499051305624,right,
720575940634895002,optic,LO>LOP,T5b,acetylcholine,0.603418581736995,right,
720575940634922906,optic,ME>LOP,T4b,acetylcholine,0.6584880209362933,right,
720575940652678390,optic,ME>LO.LOP,TmY5a,glutamate,0.6763921352283726,right,
720575940654668193,optic,LO>LOP,T5b,acetylcholine,0.6198898375646693,right,
720575940658428033,optic,ME>LOP,T4b,acetylcholine,0.5917821051865089,right,
720575940634694240,optic,ME>LO.LOP,TmY5a,glutamate,0.5457520820817986,right,
720575940634737633,optic,ME>LO.LOP,TmY5a,glutamate,0.6643979685355539,right,
720575940605547552,optic,ME>LOP,T4b,acetylcholine,0.5375157624114493,right,
720575940647826052,optic,ME>LOP,T4b,acetylcholine,0.5084790539759094,right,
720575940647828356,optic,LO>LOP,T5b,acetylcholine,0.7298150226450872,right,
720575940647935028,visual_projection,bilateral,LT66,acetylcholine,0.8614002506925973,left,
720575940648290436,optic,ME>LO.LOP,TmY5a,glutamate,0.6184078530821494,right,
720575940649378681,optic,ME>LOP,T4b,acetylcholine,0.721523686777013,right,
720575940650510326,optic,ME>LO.LOP,TmY5a,glutamate,0.5790850478938006,right,
720575940652632566,optic,ME>LO.LOP,TmY5a,glutamate,0.7471872511226775,right,
720575940633297107,optic,LO>LOP,T5b,acetylcholine,0.7373894516488901,right,
720575940636024671,optic,ME>LO.LOP,TmY5a,glutamate,0.7553291335006984,right,
720575940633442335,optic,ME>LO.LOP,TmY5a,glutamate,0.6015020577494071,right,
720575940633446431,optic,ME>LO,TmY5a,glutamate,0.6332550665742022,right,
720575940633497826,optic,ME>LOP,T4b,acetylcholine,0.4811550759781657,right,
720575940633498849,optic,ME>LO.LOP,TmY5a,glutamate,0.7391698676698013,right,
720575940633499929,optic,LO>LOP,T5b,acetylcholine,0.5212400782279539,right,
720575940632971591,optic,ME>LO.LOP,TmY5a,glutamate,0.5867914576134184,right,
720575940633078829,optic,LO>LOP,T5b,acetylcholine,0.545415211188234,right,
720575940633142497,optic,LO>LOP,T5b,acetylcholine,0.505097703385629,right,
720575940633148638,optic,ME>LO.LOP,TmY5a,glutamate,0.7613956313237379,right,
720575940607584898,optic,ME>LO.LOP,TmY5a,glutamate,0.755330773429731,right,
720575940607638485,optic,ME>LO.LOP,TmY5a,glutamate,0.6350093040846355,right,
720575940606077374,optic,LO>LOP,T5b,acetylcholine,0.6403285372125814,right,
720575940634034457,optic,LO>LOP,T5b,acetylcholine,0.564703521970039,right,
720575940633602131,optic,ME>LO.LOP,TmY5a,glutamate,0.5448821804314234,right,
720575940631778444,optic,ME>LO.LOP,TmY5a,glutamate,0.6767532265476668,right,
720575940631402956,optic,ME>LO.LOP,TmY5a,glutamate,0.6811074453067122,right,
720575940631884818,optic,ME>LO.LOP,TmY5a,glutamate,0.6609591470069276,right,
720575940631888524,optic,ME>LOP,T4b,acetylcholine,0.6598722837733896,right,
720575940632076089,optic,ME>LO.LOP,TmY5a,glutamate,0.6046703082342028,right,
720575940632079540,optic,ME>LOP,T4b,acetylcholine,0.714790389307853,right,
720575940631642220,optic,ME>LO.LOP,TmY5a,glutamate,0.713095795491287,right,
720575940631674593,optic,ME>LO.LOP,TmY5a,glutamate,0.7251118151765094,right,
720575940631723821,optic,ME>LO.LOP,TmY5a,glutamate,0.6616088701632787,right,
720575940632370605,optic,ME>LO.LOP,TmY5a,glutamate,0.6488545863069926,right,
720575940632632365,optic,LO>LOP,T5b,acetylcholine,0.583711323279505,right,
720575940632114755,optic,ME>LO,TmY5a,glutamate,0.6097751952783526,right,
720575940647630724,optic,ME>LO.LOP,TmY5a,glutamate,0.8118311346557661,right,
720575940647685172,optic,ME>LO.LOP,TmY5a,glutamate,0.6838894197885799,right,
720575940608410325,optic,ME>LO.LOP,TmY5a,glutamate,0.56983707534905,right,
720575940632889645,optic,ME>LOP,T4b,acetylcholine,0.6493241392339514,right,
720575940630460727,optic,ME>LO.LOP,TmY5a,glutamate,0.6396174038990673,right,
720575940630507116,optic,ME>LOP,T4b,acetylcholine,0.6388692827868303,right,
720575940630955700,optic,LO>LOP,T5b,acetylcholine,0.6998731580435983,right,
720575940630964561,optic,LO>LOP,T5b,acetylcholine,0.5509165093728701,right,
720575940630988113,optic,ME>LOP,T4b,acetylcholine,0.6795953597608707,right,
720575940631007799,optic,ME>LO.LOP,TmY5a,glutamate,0.6484093983536922,right,
720575940631024209,optic,LO>LOP,T5b,acetylcholine,0.6199602666690407,right,
720575940630700684,optic,ME>LOP,T4b,acetylcholine,0.6446886481813985,right,
720575940631141317,optic,ME>LO.LOP,TmY5a,glutamate,0.6702120277408578,right,
720575940631152069,optic,ME>LO.LOP,TmY5a,glutamate,0.6906153098378285,right,
720575940631241743,optic,ME>LO.LOP,TmY5a,glutamate,0.6449193760161489,right,
720575940631330263,optic,LO>LOP,T5b,acetylcholine,0.5373003081220458,right,
720575940609201347,optic,LO>LOP,T5b,acetylcholine,0.5661839567359344,right,
720575940646864948,optic,ME>LOP,T4b,acetylcholine,0.6178978429139561,right,
720575940646927924,optic,LO>LOP,T5b,acetylcholine,0.6293290123073602,right,
720575940635951471,optic,ME>LOP,T4b,acetylcholine,0.5563765272150862,right,
720575940636118895,optic,LO>LOP,T5b,acetylcholine,0.6937545949708329,right,
720575940636286644,optic,ME>LO.LOP,TmY5a,glutamate,0.5331886619348107,right,
720575940630423547,optic,ME>LO.LOP,TmY5a,glutamate,0.6348266867473921,right,
720575940630255447,optic,ME>LO.LOP,TmY5a,glutamate,0.6882162283782093,right,
720575940630285356,optic,ME,Mi10,acetylcholine,0.8892428223242852,right,
720575940630299127,optic,LO>LOP,T5b,acetylcholine,0.6627203901767409,right,
720575940630588367,optic,LO>LOP,T5b,acetylcholine,0.6016361243326636,right,
720575940630590326,optic,LOP,LPi02,glutamate,0.5321734298669328,right,
720575940630364160,optic,LO>LOP,T5b,acetylcholine,0.5111661198680428,right,
720575940630418263,optic,ME>LOP,T4b,acetylcholine,0.5039638243351623,right,
720575940608920075,optic,ME>LOP,T4b,acetylcholine,0.5115836044033812,right,
720575940609043925,optic,LO>LOP,T5b,acetylcholine,0.6122640959864485,right,
720575940630729320,optic,LO>LOP,T5b,acetylcholine,0.592283835914895,right,
720575940630782283,optic,ME>LO.LOP,TmY5a,glutamate,0.5583824723567297,right,
720575940630852931,optic,ME>LO.LOP,TmY5a,glutamate,0.583234724674132,right,
720575940630442711,optic,ME>LO.LOP,TmY5a,glutamate,0.6610003266787513,right,
720575940629905255,optic,ME>LOP,T4b,acetylcholine,0.6803779950473736,right,
720575940629933762,optic,ME>LOP,T4b,acetylcholine,0.5692611095895093,right,
720575940630003703,optic,ME>LO.LOP,TmY5a,glutamate,0.5778247089983195,right,
720575940630020567,optic,ME>LO.LOP,TmY5a,glutamate,0.6464508192059562,right,
720575940630046846,optic,ME>LO.LOP,TmY5a,glutamate,0.7396609814242321,right,
720575940630067676,optic,LO>LOP,T5b,acetylcholine,0.6540416613390688,right,
720575940630156631,optic,ME>LO.LOP,TmY5a,glutamate,0.6579386896127458,right,
720575940630176503,optic,ME>LO.LOP,TmY5a,glutamate,0.5588378349693813,right,
720575940630202306,optic,ME>LO.LOP,TmY5a,glutamate,0.6980436080660061,right,
720575940610133955,optic,LOP>LO.ME,Y12,glutamate,0.624327502952285,right,
720575940610294979,optic,LO>LOP,T5b,acetylcholine,0.7030063549697589,right,
720575940609293660,optic,ME>LOP,T4b,acetylcholine,0.5488332566086151,right,
720575940609499000,optic,ME>LOP,T4b,acetylcholine,0.6728443814216915,right,
720575940609553476,optic,LO>LOP,T5b,acetylcholine,0.5523010694417492,right,
720575940609574468,optic,ME>LOP,T4b,acetylcholine,0.6578335508084885,right,
720575940630334459,optic,ME>LOP,T4b,acetylcholine,0.6690032767037645,right,
720575940629172679,optic,ME>LO.LOP,TmY5a,glutamate,0.5735837221390888,right,
720575940629176023,optic,LO>LOP,T5b,acetylcholine,0.5338435455531155,right,
720575940629260035,optic,LO>LOP,T5b,acetylcholine,0.6561239278272925,right,
720575940629263610,optic,LO>LOP,T5b,acetylcholine,0.6007077401927362,right,
720575940629264492,optic,ME>LO.LOP,TmY5a,glutamate,0.7322028795369213,right,
720575940629492071,optic,ME>LO.LOP,TmY5a,glutamate,0.7247220485311227,right,
720575940637727066,optic,LO>LOP,T5b,acetylcholine,0.6081776430248925,right,
720575940636513399,optic,ME>LO.LOP,TmY5a,glutamate,0.5559148903000491,right,
720575940636529765,optic,LO>LOP,T5b,acetylcholine,0.632623379329601,right,
720575940636571749,optic,ME>LO.LOP,TmY5a,glutamate,0.628765972253339,right,
720575940610397230,optic,LO>LOP,T5b,acetylcholine,0.58318659476354,right,
720575940610623089,optic,ME>LOP,T4b,acetylcholine,0.6397190487752261,right,
720575940609907298,optic,ME>LOP,T4b,acetylcholine,0.7196927836092298,right,
720575940629667945,optic,ME>LO.LOP,TmY5a,glutamate,0.7057316517213252,right,
720575940629742714,optic,ME>LO.LOP,TmY5a,glutamate,0.6409402340578758,right,
720575940629379407,optic,ME>LO.LOP,TmY5a,glutamate,0.7540835250487881,right,
720575940628618106,optic,LO>LOP,T5b,acetylcholine,0.6545849594707567,right,
720575940637320169,optic,ME>LO.LOP,TmY5a,glutamate,0.6733469528009994,right,
720575940628793243,optic,ME>LOP,T4b,acetylcholine,0.5433738669748713,right,
720575940628805019,optic,LO>LOP,T5b,acetylcholine,0.4709405833278263,right,
720575940628842951,optic,LO>LOP,T5b,acetylcholine,0.5372756350295634,right,
720575940628852423,optic,ME>LO.LOP,TmY5a,glutamate,0.6935200624562986,right,
720575940628471375,optic,ME>LO.LOP,TmY5a,glutamate,0.7217667150067151,right,
720575940628494588,optic,LO>LOP,T5b,acetylcholine,0.5515732865648459,right,
720575940629328463,optic,ME>LO.LOP,TmY5a,glutamate,0.6306802153369135,right,
720575940628861435,optic,ME>LOP,T4b,acetylcholine,0.7740617369717929,right,
720575940629075499,optic,ME>LO.LOP,TmY5a,glutamate,0.5891771904521481,right,
720575940629117699,optic,ME>LO.LOP,TmY5a,glutamate,0.7013421083821458,right,
720575940628731140,descending,,DNp27,serotonin,0.791914260463502,left,CV
720575940610805858,optic,LO>LOP,T5b,acetylcholine,0.607178221958083,right,
720575940610907654,optic,ME>LOP,T4b,acetylcholine,0.5440005840045434,right,
720575940629532794,optic,ME>LO.LOP,TmY5a,glutamate,0.6326759862583776,right,
720575940627879496,optic,ME>LO.LOP,TmY5a,glutamate,0.7347589032144829,right,
720575940627887356,optic,ME>LOP,T4b,acetylcholine,0.6792043583914349,right,
720575940628083530,optic,LO>LOP,T5b,acetylcholine,0.5912570765990174,right,
720575940637766878,optic,ME>LO.LOP,TmY5a,glutamate,0.7098563022475222,right,
720575940637991401,optic,ME>LOP,T4b,acetylcholine,0.5779759994975563,right,
720575940628217832,optic,ME>LO.LOP,TmY5a,glutamate,0.7150408492811009,right,
720575940628358068,optic,ME>LOP,T4b,acetylcholine,0.723988818647757,right,
720575940611333841,optic,ME>LOP,T4b,acetylcholine,0.7142507489790405,right,
720575940611508629,optic,ME>LO.LOP,TmY5a,glutamate,0.7266723908145761,right,
720575940611755286,optic,ME>LOP,T4b,acetylcholine,0.5625089330417528,right,
720575940628663281,optic,ME>LO.LOP,TmY5a,glutamate,0.6827610707129201,right,
720575940628383560,optic,ME>LO.LOP,TmY5a,glutamate,0.602113162244474,right,
720575940628409674,optic,ME>LOP,T4b,acetylcholine,0.5066737383745581,right,
720575940628434673,optic,ME>LO.LOP,TmY5a,glutamate,0.7020589398366522,right,
720575940628149002,optic,ME>LO.LOP,TmY5a,glutamate,0.7128665106526516,right,
720575940628154985,optic,ME>LO.LOP,TmY5a,glutamate,0.6646841624523565,right,
720575940627061946,optic,ME>LO.LOP,TmY5a,glutamate,0.6461022538899976,right,
720575940627348841,optic,LO>LOP,T5b,acetylcholine,0.7115638869273548,right,
720575940627372565,optic,LO>LOP,T5b,acetylcholine,0.5993860691451421,right,
720575940627484041,optic,LO>LOP,T5b,acetylcholine,0.6563843635541867,right,
720575940627181854,optic,ME>LO.LOP,TmY5a,glutamate,0.6589724582147575,right,
720575940627887888,optic,LO>LOP,T5b,acetylcholine,0.6841687893617664,right,
720575940627541736,optic,ME>LOP,T4b,acetylcholine,0.4872832211862916,right,
720575940627552584,optic,ME>LO.LOP,TmY5a,glutamate,0.6302393542073103,right,
720575940627584787,optic,LO>LOP,T5b,acetylcholine,0.6380374434032224,right,
720575940627606801,optic,LOP>LO.ME,Y12,glutamate,0.647049976060869,right,
720575940627661640,optic,LO>LOP,T5b,acetylcholine,0.5450107715165671,right,
720575940612110946,optic,LO>LOP,T5b,acetylcholine,0.6044019751181092,right,
720575940645949294,optic,ME>LOP,T4b,acetylcholine,0.6407311263492701,right,
720575940638037318,optic,LO>LOP,T5b,acetylcholine,0.5925009146595985,right,
720575940628120296,optic,ME>LO.LOP,TmY5a,glutamate,0.5381463477543276,right,
720575940627842792,optic,LO>LOP,T5b,acetylcholine,0.6857133601890512,right,
720575940626580773,optic,ME>LO.LOP,TmY5a,glutamate,0.6728411132749084,right,
720575940626642344,optic,ME>LO.LOP,TmY5a,glutamate,0.4873200636175911,right,
720575940626740404,optic,LO>LOP,T5b,acetylcholine,0.4979098551523256,right,
720575940626849072,optic,ME>LO.LOP,TmY5a,glutamate,0.6848131623486848,right,
720575940638136922,optic,ME>LO.LOP,TmY5a,glutamate,0.6523594101667972,right,
720575940638274879,optic,ME>LO.LOP,TmY5a,glutamate,0.6116672548997407,right,
720575940638471768,optic,LO>LOP,T5b,acetylcholine,0.6308178289307985,right,
720575940627053903,optic,ME>LO.LOP,TmY5a,glutamate,0.594634840346988,right,
720575940626767618,optic,ME>LOP,T4b,acetylcholine,0.5739027257039023,right,
720575940626822146,optic,ME>LO.LOP,TmY5a,glutamate,0.6670140612514149,right,
720575940626927887,optic,ME>LO.LOP,TmY5a,glutamate,0.6705320073374037,right,
720575940612489113,optic,LO>LOP,T5b,acetylcholine,0.5143274264214737,right,
720575940612030437,optic,LO>LOP,T5b,acetylcholine,0.6024113528241597,right,
720575940612064997,optic,LO>LOP,T5b,acetylcholine,0.6291015540950258,right,
720575940627243052,optic,ME>LO.LOP,TmY5a,glutamate,0.6542188421827265,right,
720575940627278340,visual_centrifugal,,cML02,acetylcholine,0.9873686389857118,left,
720575940626148185,optic,ME>LO.LOP,TmY5a,glutamate,0.6213567286564314,right,
720575940626177176,optic,ME>LOP,T4b,acetylcholine,0.7189908983004207,right,
720575940626231498,optic,ME>LO.LOP,TmY5a,glutamate,0.5575808477866265,right,
720575940626313316,optic,ME>LO.LOP,TmY5a,glutamate,0.512356521314628,right,
720575940626365758,optic,ME>LO.LOP,TmY5a,glutamate,0.7112946614708419,right,
720575940626418020,optic,ME>LO.LOP,TmY5a,glutamate,0.5828040343072745,right,
720575940626079376,optic,ME>LO.LOP,TmY5a,glutamate,0.6942323252809426,right,
720575940626124839,optic,ME>LO.LOP,TmY5a,glutamate,0.6183750891433464,right,
720575940612768405,optic,LO>LOP,T5b,acetylcholine,0.787597002087475,right,
720575940612790442,optic,LO>LOP,T5b,acetylcholine,0.6797947870382085,right,
720575940612156968,optic,ME>LO.LOP,TmY5a,glutamate,0.6398165151734991,right,
720575940612186803,optic,LO>LOP,T5b,acetylcholine,0.5582812477194203,right,
720575940612235586,optic,ME>LOP,T4b,acetylcholine,0.6741058931339988,right,
720575940612329934,optic,ME>LO.LOP,TmY5a,glutamate,0.4967890530748766,right,
720575940626521744,optic,ME>LO.LOP,TmY5a,glutamate,0.6841901603309407,right,
720575940626276400,optic,ME>LO.LOP,TmY5a,glutamate,0.6561098984359177,right,
720575940625101496,optic,ME>LO.LOP,TmY5a,glutamate,0.7451164974497022,right,
720575940625195303,optic,ME>LO.LOP,TmY5a,glutamate,0.65767712114769,right,
720575940626050490,optic,ME>LOP,T4b,acetylcholine,0.6809401489463786,right,
720575940625683431,optic,ME>LO.LOP,TmY5a,glutamate,0.7258190661278318,right,
720575940625703975,optic,ME>LOP,T4b,acetylcholine,0.5990362607952554,right,
720575940625883454,optic,ME>LOP,T4b,acetylcholine,0.7001588889225268,right,
720575940625371024,optic,LO>LOP,T5b,acetylcholine,0.5957725932138189,right,
720575940625414380,optic,ME>LO.LOP,TmY5a,glutamate,0.6123858949842222,right,
720575940612962730,optic,LO>LOP,T5b,acetylcholine,0.5893081364936786,right,
720575940613020018,optic,LO>LOP,T5b,acetylcholine,0.6679121092105128,right,
720575940613046499,optic,ME>LO.LOP,TmY5a,glutamate,0.6251750315179393,right,
720575940613056218,optic,LO>LOP,T5b,acetylcholine,0.6982833976094981,right,
720575940613109362,optic,ME>LO.LOP,TmY5a,glutamate,0.6623180096793472,right,
720575940625979667,optic,ME>LO.LOP,TmY5a,glutamate,0.615823360798059,right,
720575940625995312,optic,ME>LO.LOP,TmY5a,glutamate,0.6464184863940603,right,
720575940638965181,optic,ME>LO.LOP,TmY5a,glutamate,0.6208313711689344,right,
720575940625013948,optic,LO>LOP,T5b,acetylcholine,0.6358210991386014,right,
720575940625052233,optic,ME>LOP,T4b,acetylcholine,0.543819339093913,right,
720575940624795883,optic,ME>LO.LOP,TmY5a,glutamate,0.7106733268117181,right,
720575940625295084,optic,ME>LO.LOP,TmY5a,glutamate,0.5774786492783018,right,
720575940624842483,optic,ME>LO.LOP,TmY5a,glutamate,0.5623992109251387,right,
720575940624874167,optic,ME>LO.LOP,TmY5a,glutamate,0.5909296153134787,right,
720575940624956903,optic,ME>LO.LOP,TmY5a,glutamate,0.6120976427182516,right,
720575940613248435,optic,LO>LOP,T5b,acetylcholine,0.6570688564748679,right,
720575940613291749,optic,LO>LOP,T5b,acetylcholine,0.6014686216332528,right,
720575940613400037,optic,ME>LO.LOP,TmY5a,glutamate,0.6372065807147258,right,
720575940612922163,optic,ME>LO.LOP,TmY5a,glutamate,0.5861185132849521,right,
720575940625564362,optic,ME>LO.LOP,TmY5a,glutamate,0.64376759040958,right,
720575940625567762,optic,LO>LOP,T5b,acetylcholine,0.5433262018632791,right,
720575940625584627,optic,ME>LO.LOP,TmY5a,glutamate,0.6122081167962011,right,
720575940625634028,optic,ME>LO.LOP,TmY5a,glutamate,0.6389536298635504,right,
720575940625663280,optic,LO>LOP,T5b,acetylcholine,0.5360348724262592,right,
720575940624090602,optic,ME>LO.LOP,TmY5a,glutamate,0.7159191189006808,right,
720575940623847935,optic,LOP>LO.ME,Y12,glutamate,0.5886601223581318,right,
720575940624112381,optic,ME>LO.LOP,TmY5a,glutamate,0.6916995227857291,right,
720575940624271911,optic,ME>LO.LOP,TmY5a,glutamate,0.6670547298270972,right,
720575940624323657,optic,LO>LOP,T5b,acetylcholine,0.5340268794471704,right,
720575940624385772,optic,ME>LOP,T4b,acetylcholine,0.6157679711255466,right,
720575940624514547,optic,LO>LOP,T5b,acetylcholine,0.4998686050575333,right,
720575940624829989,optic,LO>LOP,T5b,acetylcholine,0.558690695755767,right,
720575940624566456,optic,ME>LO.LOP,TmY5a,glutamate,0.7065146731337222,right,
720575940613445746,optic,ME>LO.LOP,TmY5a,glutamate,0.5979640876425172,right,
720575940613468397,optic,ME>LO.LOP,TmY5a,glutamate,0.6162851126314948,right,
720575940613606575,optic,LO>LOP,T5b,acetylcholine,0.6723439603464537,right,
720575940613684911,optic,ME>LO.LOP,TmY5a,glutamate,0.669997666159877,right,
720575940639210062,optic,ME>LOP,T4b,acetylcholine,0.5777014590231478,right,
720575940639349632,optic,ME>LO.LOP,TmY5a,glutamate,0.72722640855784,right,
720575940639464867,optic,LO>LOP,T5b,acetylcholine,0.6570848216749032,right,
720575940623280127,optic,LO>LOP,T5b,acetylcholine,0.6681547913272249,right,
720575940623296507,optic,LO>LOP,T5b,acetylcholine,0.7374768861006799,right,
720575940623544712,optic,LO>LOP,T5b,acetylcholine,0.4751821411715224,right,
720575940639618432,optic,LO>LOP,T5b,acetylcholine,0.5661964448835571,right,
720575940639665469,optic,ME>LOP,T4b,acetylcholine,0.6421012679295222,right,
720575940623337510,optic,LO>LOP,T5b,acetylcholine,0.5034114238789037,right,
720575940623362122,optic,ME>LOP,T4b,acetylcholine,0.6452985520101828,right,
720575940623374861,optic,ME>LO.LOP,TmY5a,glutamate,0.6869838259564527,right,
720575940623495974,optic,ME>LO.LOP,TmY5a,glutamate,0.7006044360572284,right,
720575940623674879,optic,ME>LO.LOP,TmY5a,glutamate,0.6021181724046318,right,
720575940644827428,optic,ME>LO.LOP,TmY5a,glutamate,0.49929594006742,right,
720575940613802090,optic,ME>LO.LOP,TmY5a,glutamate,0.6349145727942291,right,
720575940624011784,optic,LO>LOP,T5b,acetylcholine,0.376220180826746,right,
720575940624051348,optic,ME>LOP,T4b,acetylcholine,0.6243207137587906,right,
720575940624078921,optic,ME>LO.LOP,TmY5a,glutamate,0.5656142625786114,right,
720575940624084149,optic,ME>LO.LOP,TmY5a,glutamate,0.7029215366330182,right,
720575940622732713,optic,ME>LO.LOP,TmY5a,glutamate,0.7373962501069634,right,
720575940622756707,optic,LO>LOP,T5b,acetylcholine,0.6731313861549325,right,
720575940622420189,optic,ME>LOP,T4b,acetylcholine,0.6859026553170684,right,
720575940622436641,optic,LO>LOP,T5b,acetylcholine,0.5815805752190493,right,
720575940622779775,optic,ME>LOP,T4b,acetylcholine,0.6969589655939977,right,
720575940623007326,optic,ME>LO,TmY5a,glutamate,0.6228668826002771,right,
720575940623087507,optic,ME>LO.LOP,TmY5a,glutamate,0.652203421420128,right,
720575940623165608,optic,LO>LOP,T5b,acetylcholine,0.5793170407607529,right,
720575940614296214,optic,LO>LOP,T5b,acetylcholine,0.7019476485269883,right,
720575940614404970,optic,ME>LO.LOP,TmY5a,glutamate,0.6832196190704414,right,
720575940644439456,optic,ME>LO.LOP,TmY5a,glutamate,0.6150108233103367,right,
720575940644506135,optic,ME>LOP,T4b,acetylcholine,0.6278395952206951,right,
720575940644741412,optic,ME>LOP,T4b,acetylcholine,0.5042928929918385,right,
720575940644796951,optic,ME>LO.LOP,TmY5a,glutamate,0.4938319938277567,right,
720575940623199965,optic,ME>LO,TmY5a,glutamate,0.7153650680770145,right,
720575940623200280,optic,ME>LO.LOP,TmY5a,glutamate,0.5175289678447608,right,
720575940621949022,optic,LO>LOP,T5b,acetylcholine,0.5648292577154986,right,
720575940621684318,optic,ME>LOP,T4b,acetylcholine,0.7033826197227921,right,
720575940622385869,optic,LO>LOP,T5b,acetylcholine,0.5591865530734638,right,
720575940621988084,optic,ME>LO.LOP,TmY5a,glutamate,0.6554309747597669,right,
720575940622040742,optic,ME>LO.LOP,TmY5a,glutamate,0.7358108694087037,right,
720575940622107312,optic,ME>LOP,T4b,acetylcholine,0.7387437399596908,right,
720575940622181670,optic,ME>LO.LOP,TmY5a,glutamate,0.5567887652669445,right,
720575940622313084,optic,ME>LO.LOP,TmY5a,glutamate,0.6892619926289729,right,
720575940641037696,optic,ME>LOP,T4b,acetylcholine,0.6756625793836672,right,
720575940622565572,optic,ME,Mi10,acetylcholine,0.8556175930616171,right,
720575940622574605,optic,ME>LO.LOP,TmY5a,glutamate,0.640537420513634,right,
720575940622594857,optic,ME>LO.LOP,TmY5a,glutamate,0.7041455071830554,right,
720575940614672786,optic,LO>LOP,T5b,acetylcholine,0.5680077234122365,right,
720575940614686662,optic,ME>LOP,T4b,acetylcholine,0.7199331891804148,right,
720575940614708642,optic,LO>LOP,T5b,acetylcholine,0.5754965603168896,right,
720575940622710655,optic,LO>LOP,T5b,acetylcholine,0.7511785019021892,right,
720575940620928321,optic,LO>LOP,T5b,acetylcholine,0.5415410436915677,right,
720575940620581893,optic,ME>LO.LOP,TmY5a,glutamate,0.7019888370941889,right,
720575940620645709,optic,LO>LOP,T5b,acetylcholine,0.5657570687607638,right,
720575940621123905,optic,ME>LO.LOP,TmY5a,glutamate,0.6957518472983838,right,
720575940620859489,optic,ME>LO.LOP,TmY5a,glutamate,0.5905959489579214,right,
720575940621234927,optic,ME>LOP,T4b,acetylcholine,0.5572636528055835,right,
720575940621354991,optic,ME>LOP,T4b,acetylcholine,0.6973560658630374,right,
720575940620953583,optic,ME>LO.LOP,TmY5a,glutamate,0.679454061289081,right,
720575940640591924,optic,LO>LOP,T5b,acetylcholine,0.4606558261333403,right,
720575940640595252,optic,LO>LOP,T5b,acetylcholine,0.6141151695628769,right,
720575940640632893,optic,ME>LO.LOP,TmY5a,glutamate,0.6962679804397938,right,
720575940640753104,optic,LO>LOP,T5b,acetylcholine,0.5105942870401898,right,
720575940621467574,optic,ME>LO.LOP,TmY5a,glutamate,0.5942631376671734,right,
720575940621623686,optic,ME>LO.LOP,TmY5a,glutamate,0.7071947545606554,right,
720575940614971550,optic,ME>LOP,T4b,acetylcholine,0.575258601689053,right,
720575940621846883,optic,ME>LO.LOP,TmY5a,glutamate,0.6407321366196317,right,
720575940641441525,optic,ME>LO.LOP,TmY5a,glutamate,0.6112727970398497,right,
720575940641563188,optic,LO>LOP,T5b,acetylcholine,0.5110663609631052,right,
720575940641563700,optic,LO>LOP,T5b,acetylcholine,0.5660265300578707,right,
720575940620525695,optic,ME>LO.LOP,TmY5a,glutamate,0.6158101923101662,right,
720575940620534624,optic,LO>LOP,T5b,acetylcholine,0.5588125350208435,right,
720575940620274566,optic,LO>LOP,T5b,acetylcholine,0.5934433887506425,right,
720575940620327956,optic,ME>LO.LOP,TmY5a,glutamate,0.6587190071806227,right,
720575940620765888,optic,ME>LO.LOP,TmY5a,glutamate,0.7444989534364274,right,
720575940615681292,optic,ME>LO.LOP,TmY5a,glutamate,0.6255712701351879,right,
720575940615171467,optic,ME>LOP,T4b,acetylcholine,0.645183298238403,right,
720575940615220383,optic,ME>LO.LOP,TmY5a,glutamate,0.6917156700610199,right,
720575940615229346,optic,ME>LOP,T4b,acetylcholine,0.7208207138681098,right,
720575940615239285,optic,ME>LOP,T4b,acetylcholine,0.6168524229198951,right,
720575940620864877,optic,LO>LOP,T5b,acetylcholine,0.5306040883514827,right,
720575940620896240,optic,ME>LO.LOP,TmY5a,glutamate,0.6828611593026854,right,
720575940620917697,optic,ME>LO.LOP,TmY5a,glutamate,0.6400257807498302,right,
720575940619022757,optic,LO>LOP,T5b,acetylcholine,0.6238879728081594,right,
720575940642126221,optic,ME>LOP,T4b,acetylcholine,0.5506899037130984,right,
720575940642268045,optic,LO>LOP,T5b,acetylcholine,0.5209752253676723,right,
720575940619590310,optic,ME>LO.LOP,TmY5a,glutamate,0.6114065681770016,right,
720575940619668871,optic,ME>LO.LOP,TmY5a,glutamate,0.6994759214685002,right,
720575940619788885,optic,LO>LOP,T5b,acetylcholine,0.6355968221018423,right,
720575940619795416,optic,ME>LO.LOP,TmY5a,glutamate,0.726372700359445,right,
720575940641829851,optic,ME>LOP,T4b,acetylcholine,0.5872967509088938,right,
720575940619992011,optic,ME>LO.LOP,TmY5a,glutamate,0.6483618224892862,right,
720575940620015086,optic,ME,Mi10,acetylcholine,0.885482841946037,right,
720575940620126366,visual_projection,,LPTe01,acetylcholine,0.9274294908356951,right,
720575940616147573,optic,ME>LOP,T4b,acetylcholine,0.5430510765929449,right,
720575940615332246,optic,ME>LOP,T4b,acetylcholine,0.6076355412655621,right,
720575940615665458,optic,LO>LOP,T5b,acetylcholine,0.4872303638622007,right,
720575940641171931,optic,LO>LOP,T5b,acetylcholine,0.6951827452079045,right,
720575940641418971,optic,ME>LO.LOP,TmY5a,glutamate,0.6833599731825983,right,
720575940617949789,optic,ME>LO.LOP,TmY5a,glutamate,0.6028323872403977,right,
720575940618143003,optic,ME>LO.LOP,TmY5a,glutamate,0.6726109048739051,right,
720575940643672776,optic,ME>LO.LOP,TmY5a,glutamate,0.6345400278034518,right,
720575940618040901,optic,ME>LO.LOP,TmY5a,glutamate,0.5132884312605573,right,
720575940618056005,optic,ME>LOP,T4b,acetylcholine,0.633280258735007,right,
720575940618094749,optic,ME>LO.LOP,TmY5a,glutamate,0.6605480980429539,right,
720575940618102529,optic,ME>LO.LOP,TmY5a,glutamate,0.6835276992722489,right,
720575940618136859,optic,ME>LOP,T4b,acetylcholine,0.6967241479415517,right,
720575940618830144,optic,ME>LO.LOP,TmY5a,glutamate,0.6699013641681234,right,
720575940618862715,optic,ME>LO.LOP,TmY5a,glutamate,0.681817464879144,right,
720575940618207045,optic,LO>LOP,T5b,acetylcholine,0.6899325577384808,right,
720575940618785926,optic,ME>LO.LOP,TmY5a,glutamate,0.6918214568076667,right,
720575940618808148,optic,ME>LO.LOP,TmY5a,glutamate,0.7207652458917921,right,
720575940619213488,optic,ME>LO.LOP,TmY5a,glutamate,0.5730672229942093,right,
720575940619232216,optic,LO>LOP,T5b,acetylcholine,0.5651612678218424,right,
720575940619335407,optic,LO>LOP,T5b,acetylcholine,0.4480414648267504,right,
720575940617180049,optic,LO>LOP,T5b,acetylcholine,0.5601494895922091,right,
720575940616748817,optic,LO>LOP,T5b,acetylcholine,0.4921387562715867,right,
720575940616770610,optic,ME>LOP,T4b,acetylcholine,0.7359255827077468,right,
720575940617358651,optic,ME>LO.LOP,TmY5a,glutamate,0.6857704982885907,right,
720575940617453017,optic,ME>LO.LOP,TmY5a,glutamate,0.611067716493214,right,
720575940617100044,optic,LO>LOP,T5b,acetylcholine,0.6606839074941906,right,
720575940617516729,optic,LO>LOP,T5b,acetylcholine,0.5803160841125328,right,
720575940617585698,optic,ME>LO.LOP,TmY5a,glutamate,0.6506430839383002,right,
720575940617634233,optic,LO>LOP,T5b,acetylcholine,0.7352815011457466,right,
720575940617643810,optic,LO>LOP,T5b,acetylcholine,0.606081743247288,right,
720575940616365766,optic,ME>LO.LOP,TmY5a,glutamate,0.5836279164761133,right,
720575940616396917,optic,LO>LOP,T5b,acetylcholine,0.575489031263385,right,
720575940615711325,optic,ME>LO.LOP,TmY5a,glutamate,0.6912014655322939,right,
720575940615803954,optic,ME>LOP,T4b,acetylcholine,0.6225264370962722,right,
720575940615954363,optic,ME>LO.LOP,TmY5a,glutamate,0.5791706977976117,right,
720575940617867238,optic,ME>LO.LOP,TmY5a,glutamate,0.727054565350723,right,
720575940633706906,optic,ME>LO.LOP,TmY5a,glutamate,0.5953548445041363,right,
720575940634999950,optic,ME>LO.LOP,TmY5a,glutamate,0.6896750083063892,right,
720575940635105375,optic,ME>LO,T3,acetylcholine,0.7911093528292673,right,
720575940635171519,optic,ME>LO.LOP,TmY5a,glutamate,0.6278844047600427,right,
720575940635171695,optic,LO>LOP,T5b,acetylcholine,0.7220749135753721,right,
720575940606325094,optic,LOP>ME.LO,Y4,glutamate,0.7816002155620271,right,
720575940606677634,optic,ME>LO.LOP,TmY5a,glutamate,0.6221233501420821,right,
720575940605200486,optic,ME>LO.LOP,TmY5a,glutamate,0.5399163868017172,right,
720575940605306726,optic,LO>LOP,T5b,acetylcholine,0.5714110303946459,right,
720575940605394354,optic,ME>LO.LOP,TmY5a,glutamate,0.6327733306612994,right,
720575940634428255,optic,ME>LOP,T4b,acetylcholine,0.6728971076984568,right,
720575940633825166,optic,ME>LO.LOP,TmY5a,glutamate,0.633026206416683,right,
720575940633832237,optic,ME>LO.LOP,TmY5a,glutamate,0.7467307178401769,right,
720575940633843854,optic,ME>LO.LOP,TmY5a,glutamate,0.6625198815712695,right,
720575940633896473,optic,ME>LO.LOP,TmY5a,glutamate,0.663269779046057,right,
720575940633919083,optic,ME>LO.LOP,TmY5a,glutamate,0.7049296512537913,right,
720575940604875744,optic,LO>LOP,T5b,acetylcholine,0.7244950017134606,right,
720575940604805566,optic,ME>LOP,T4b,acetylcholine,0.6283012962727529,right,
720575940599457990,optic,ME>LOP,T4b,acetylcholine,0.6973504196215172,right,
720575940652191734,optic,LO>LOP,T5b,acetylcholine,0.50161857306655,right,
720575940652193014,optic,ME>LOP,T4b,acetylcholine,0.4814478630019235,right,
720575940616411323,optic,ME>LO.LOP,TmY5a,glutamate,0.670670632049979,right,
720575940609966690,optic,LO>LOP,T5b,acetylcholine,0.6259446846271033,right,
720575940609985860,optic,LO>LOP,T5b,acetylcholine,0.4761725086044732,right,
720575940609360174,optic,ME>LO.LOP,TmY5a,glutamate,0.6947994283961404,right,
720575940599459782,optic,LO>LOP,T5b,acetylcholine,0.7157118834699311,right,
720575940625085671,optic,ME>LOP,T4b,acetylcholine,0.60670428902784,right,
720575940625087724,optic,ME>LO.LOP,TmY5a,glutamate,0.7152646365952117,right,
720575940624735525,optic,ME>LO.LOP,TmY5a,glutamate,0.6577451094876452,right,
720575940624740091,optic,LO>LOP,T5b,acetylcholine,0.5731514963817618,right,
720575940613673779,optic,LO>LOP,T5b,acetylcholine,0.556186867818735,right,
720575940613153689,optic,ME>LOP,T4b,acetylcholine,0.5887252727471026,right,
720575940624823283,optic,LO>LOP,T5b,acetylcholine,0.6726258207552962,right,
720575940639771008,optic,LO>LOP,T5b,acetylcholine,0.7539160692733031,right,
720575940639294323,optic,LO>LOP,T5b,acetylcholine,0.6553020599271577,right,
720575940616731665,optic,LO>LOP,T5b,acetylcholine,0.5188576976384686,right,
720575940616761617,optic,LO>LOP,T5b,acetylcholine,0.5755828271627251,right,
720575940616770134,optic,ME>LO.LOP,TmY5a,glutamate,0.5978030807221402,right,
720575940616894681,optic,ME>LOP,T4b,acetylcholine,0.5750426254866738,right,
720575940660348033,optic,ME>LO.LOP,TmY5a,glutamate,0.7351148664554361,right,
720575940604811692,optic,LO>LOP,T5b,acetylcholine,0.5307303292831944,right,
720575940604818092,optic,ME>LOP,T4b,acetylcholine,0.5616231308353181,right,
720575940604993708,optic,ME>LO.LOP,TmY5a,glutamate,0.770157319122578,right,
720575940605056684,optic,ME>LO.LOP,TmY5a,glutamate,0.5694158369189559,right,
720575940604180140,optic,ME>LOP,T4b,acetylcholine,0.6095270414090133,right,
720575940602140862,optic,LO>LOP,T5b,acetylcholine,0.5329701290337445,right,
720575940634600287,optic,LO>LOP,T5b,acetylcholine,0.5743610658223061,right,
720575940605674185,optic,ME>LO.LOP,TmY5a,glutamate,0.7374136180553976,right,
720575940604105137,optic,LO>LOP,T5b,acetylcholine,0.5516412891746575,right,
720575940647945268,optic,ME>LO.LOP,TmY5a,glutamate,0.6725914156799484,right,
720575940616575062,optic,ME>LOP,T4b,acetylcholine,0.6620414305122133,right,
720575940605238705,optic,LO>LOP,T5b,acetylcholine,0.6388925342530762,right,
720575940605398048,optic,ME>LOP,T4b,acetylcholine,0.5633197881398898,right,
720575940617301177,optic,LO>LOP,T5b,acetylcholine,0.5735193129222015,right,
720575940617358009,optic,ME>LOP,T4b,acetylcholine,0.4999271847115933,right,
720575940617395686,optic,ME>LO.LOP,TmY5a,glutamate,0.6388956202168803,right,
720575940617396497,optic,LO>LOP,T5b,acetylcholine,0.6237670519873971,right,
720575940617443677,optic,ME>LOP,T4b,acetylcholine,0.7415829896554249,right,
720575940617470609,optic,LO>LOP,T5b,acetylcholine,0.5980343617348288,right,
720575940617529378,optic,LO>LOP,T5b,acetylcholine,0.4670584751363598,right,
720575940617548884,optic,ME>LO.LOP,TmY5a,glutamate,0.6942794295684351,right,
720575940617586210,optic,LO>LOP,T5b,acetylcholine,0.6630818738310232,right,
720575940617641309,optic,ME>LO.LOP,TmY5a,glutamate,0.7023264227862224,right,
720575940617665885,optic,ME>LOP,T4b,acetylcholine,0.7216112347217009,right,
720575940634400959,optic,LO>LOP,T5b,acetylcholine,0.6532673311571456,right,
720575940654165921,optic,LO>LOP,T5b,acetylcholine,0.6565558417574112,right,
720575940616203166,optic,ME>LOP,T4b,acetylcholine,0.5073587596791473,right,
720575940615779807,optic,ME>LOP,T4b,acetylcholine,0.6760595697667906,right,
720575940630029612,optic,LO>LOP,T5b,acetylcholine,0.5344810899307201,right,
720575940630105106,optic,ME>LOP,T4b,acetylcholine,0.7413810874816675,right,
720575940630118871,optic,LO>LOP,T5b,acetylcholine,0.5385489806170539,right,
720575940630151996,optic,ME>LOP,T4b,acetylcholine,0.6013894753137958,right,
720575940630153324,optic,ME>LOP,T4b,acetylcholine,0.4439757769557055,right,
720575940630204636,optic,LO>LOP,T5b,acetylcholine,0.6522243134585617,right,
720575940609810013,optic,ME>LOP,T4b,acetylcholine,0.6190370945229114,right,
720575940609919445,optic,ME>LO.LOP,TmY5a,glutamate,0.5900958621511273,right,
720575940629699063,optic,LO>LOP,T5b,acetylcholine,0.529009922848307,right,
720575940629762426,optic,ME>LOP,T4b,acetylcholine,0.6483103328314601,right,
720575940629782469,optic,ME>LOP,T4b,acetylcholine,0.4855506478352034,right,
720575940629788542,optic,LO>LOP,T5b,acetylcholine,0.6329650318674878,right,
720575940629375567,optic,LO>LOP,T5b,acetylcholine,0.7566189511707151,right,
720575940606835074,optic,LO>LOP,T5b,acetylcholine,0.6939036380348025,right,
720575940606926722,optic,LO>LOP,T5b,acetylcholine,0.5176863161185182,right,
720575940618169674,optic,ME>LO.LOP,TmY5a,glutamate,0.6489684649712497,right,
720575940629473324,optic,LO>LOP,T5b,acetylcholine,0.5945832915594726,right,
720575940629856556,optic,ME>LOP,T4b,acetylcholine,0.4883895670549394,right,
720575940629880108,optic,ME>LOP,T4b,acetylcholine,0.5512560295609029,right,
720575940629904940,optic,ME>LO.LOP,TmY5a,glutamate,0.6796942760944021,right,
720575940629292922,optic,ME>LO.LOP,TmY5a,glutamate,0.7051415262981189,right,
720575940629310519,optic,ME>LO.LOP,TmY5a,glutamate,0.6801973670103291,right,
720575940629318351,optic,LO>LOP,T5b,acetylcholine,0.611039564064283,right,
720575940636601572,optic,LO>LOP,T5b,acetylcholine,0.5242512587713516,right,
720575940636678884,optic,ME>LOP,T4b,acetylcholine,0.7172388612985318,right,
720575940636845157,optic,ME>LO.LOP,TmY5a,glutamate,0.6766323350523833,right,
720575940636902757,optic,ME>LO.LOP,TmY5a,glutamate,0.7412855555151199,right,
720575940618198395,optic,LO>LOP,T5b,acetylcholine,0.5673737820746513,right,
720575940617747037,optic,ME>LOP,T4b,acetylcholine,0.5226051795931427,right,
720575940617832758,optic,LO>LOP,T5b,acetylcholine,0.6773923566280995,right,
720575940616399302,optic,ME>LO.LOP,TmY5a,glutamate,0.6887893508980067,right,
720575940617880916,optic,LO>LOP,T5b,acetylcholine,0.5960334330206951,right,
720575940617495508,optic,LO>LOP,T5b,acetylcholine,0.6265670552932336,right,
720575940644383432,optic,ME>LOP,T4b,acetylcholine,0.6514197213099989,right,
720575940642665101,optic,LO>LOP,T5b,acetylcholine,0.4203949443299472,right,
720575940642683808,optic,ME>LO.LOP,TmY5a,glutamate,0.742282590186005,right,
720575940642877896,optic,ME>LO.LOP,TmY5a,glutamate,0.7291185772177762,right,
720575940643595060,optic,ME>LO.LOP,TmY5a,glutamate,0.7681523893059683,right,
720575940618445241,optic,ME>LOP,T4b,acetylcholine,0.714966496832167,right,
720575940618531585,optic,ME>LOP,T4b,acetylcholine,0.5375033483444479,right,
720575940634591851,optic,ME>LOP,T4b,acetylcholine,0.711391805952395,right,
720575940633842062,optic,ME>LO.LOP,TmY5a,glutamate,0.6651581972071423,right,
720575940633854177,optic,ME>LO.LOP,TmY5a,glutamate,0.6730486219443826,right,
720575940633883106,optic,ME>LO.LOP,TmY5a,glutamate,0.7239787684441995,right,
720575940633915874,optic,ME>LO.LOP,TmY5a,glutamate,0.6719395962947506,right,
720575940616052054,optic,ME>LOP,T4b,acetylcholine,0.6313303776964189,right,
720575940616054943,optic,LOP>LO.ME,Y12,glutamate,0.725155631417108,right,
720575940617976389,optic,LO>LOP,T5b,acetylcholine,0.670850570192781,right,
720575940618069341,optic,LOP>LO.ME,Y12,glutamate,0.6293533176891191,right,
720575940618112069,optic,LO>LOP,T5b,acetylcholine,0.5659266972233813,right,
720575940618899579,optic,ME>LO.LOP,TmY5a,glutamate,0.6619488400737102,right,
720575940610585208,optic,ME>LOP,T4b,acetylcholine,0.5138690517728607,right,
720575940610637688,optic,ME>LOP,T4b,acetylcholine,0.5461220402284929,right,
720575940610663573,optic,ME>LO.LOP,TmY5a,glutamate,0.5538069006412562,right,
720575940636141048,optic,ME>LO.LOP,TmY5a,glutamate,0.7102550969671944,right,
720575940636188261,optic,LO>LOP,T5b,acetylcholine,0.5849321094481387,right,
720575940630419141,optic,ME>LO.LOP,TmY5a,glutamate,0.6382926608510509,right,
720575940611136435,optic,ME>LOP,T4b,acetylcholine,0.5716375155871252,right,
720575940618971515,optic,ME>LO.LOP,TmY5a,glutamate,0.7081851830615247,right,
720575940618984315,optic,ME>LOP,T4b,acetylcholine,0.5954608564167444,right,
720575940618242587,optic,ME>LO.LOP,TmY5a,glutamate,0.6816425682023308,right,
720575940618264404,optic,ME>LOP,T4b,acetylcholine,0.4604367571698805,right,
720575940618399462,optic,LOP>LO.ME,Y12,glutamate,0.7508004672884051,right,
720575940643819812,optic,LO>LOP,T5b,acetylcholine,0.5996387687343517,right,
720575940643866568,optic,ME>LOP,T4b,acetylcholine,0.6688986505562236,right,
720575940619058648,optic,ME>LO.LOP,TmY5a,glutamate,0.6669201189974022,right,
720575940619060673,optic,ME>LOP,T4b,acetylcholine,0.6364388962067477,right,
720575940619097211,optic,ME>LO.LOP,TmY5a,glutamate,0.6901027754290174,right,
720575940619140406,optic,ME>LO.LOP,TmY5a,glutamate,0.6782569623191257,right,
720575940637094757,optic,ME>LO.LOP,TmY5a,glutamate,0.5902475579022661,right,
720575940629504299,optic,ME>LO.LOP,TmY5a,glutamate,0.6067163037814567,right,
720575940629150407,optic,ME>LO.LOP,TmY5a,glutamate,0.7306261418849657,right,
720575940629205578,optic,ME>LO.LOP,TmY5a,glutamate,0.6029167051164644,right,
720575940629266179,optic,ME>LOP,T4b,acetylcholine,0.6792108079128457,right,
720575940628699127,optic,ME>LO.LOP,TmY5a,glutamate,0.6534199123786338,right,
720575940611836309,optic,LO>LOP,T5b,acetylcholine,0.625192401250922,right,
720575940634961070,optic,ME>LO.LOP,TmY5a,glutamate,0.7291413434161016,right,
720575940635109983,optic,LO>LOP,T5b,acetylcholine,0.6366600105945536,right,
720575940635192474,optic,ME>LOP,T4b,acetylcholine,0.5616759141911374,right,
720575940635206245,optic,ME>LO.LOP,TmY5a,glutamate,0.5096090520832467,right,
720575940606527922,optic,ME>LOP,T4b,acetylcholine,0.5654312122264055,right,
720575940618691904,optic,ME>LO.LOP,TmY5a,glutamate,0.6804979114579744,right,
720575940618787206,optic,ME>LO.LOP,TmY5a,glutamate,0.6549296284937098,right,
720575940645147939,optic,ME>LO.LOP,TmY5a,glutamate,0.6591769066566368,right,
720575940611041459,optic,LO>LOP,T5b,acetylcholine,0.5664200828051106,right,
720575940630327808,optic,LOP>ME.LO,Y4,glutamate,0.6591137781068883,right,
720575940637107886,optic,ME>LO.LOP,TmY5a,glutamate,0.6592709243817925,right,
720575940628768680,optic,ME>LO.LOP,TmY5a,glutamate,0.822973636854217,right,
720575940628782065,optic,ME>LO.LOP,TmY5a,glutamate,0.6702585584874886,right,
720575940628800006,optic,LO>LOP,T5b,acetylcholine,0.8258145634954144,right,
720575940628856836,optic,LO>LOP,T5b,acetylcholine,0.7032061100912905,right,
720575940628578603,optic,ME>LO.LOP,TmY5a,glutamate,0.7132094132146123,right,
720575940628585987,optic,ME>LOP,T4b,acetylcholine,0.5551249276458693,right,
720575940628588135,optic,LO>LOP,T5b,acetylcholine,0.4757140181003928,right,
720575940619215936,optic,ME>LO.LOP,TmY5a,glutamate,0.5975013616217008,right,
720575940619329414,optic,ME>LO.LOP,TmY5a,glutamate,0.6415697018414349,right,
720575940628920219,optic,LO>LOP,T5b,acetylcholine,0.6209029354719047,right,
720575940628921162,optic,ME>LOP,T4b,acetylcholine,0.6663631686916609,right,
720575940629010432,optic,ME>LOP,T4b,acetylcholine,0.6578886647853803,right,
720575940629100304,optic,ME>LO.LOP,TmY5a,glutamate,0.7030868021723592,right,
720575940629110522,optic,ME>LO.LOP,TmY5a,glutamate,0.6544148551641563,right,
720575940629111707,optic,ME>LO.LOP,TmY5a,glutamate,0.6744350583936425,right,
720575940630614981,optic,LO>LOP,T5b,acetylcholine,0.5949898189483829,right,
720575940630344960,optic,ME,Mi10,acetylcholine,0.8305469632710113,right,
720575940628461896,optic,ME>LO.LOP,TmY5a,glutamate,0.6214221886866975,right,
720575940628651014,optic,ME>LOP,T4b,acetylcholine,0.5754553858798225,right,
720575940638040142,optic,LO>LOP,T5b,acetylcholine,0.5133523305494402,right,
720575940637227998,optic,LO>LOP,T5b,acetylcholine,0.7604748343732507,right,
720575940619355984,optic,LO>LOP,T5b,acetylcholine,0.6430090294889762,right,
720575940619418929,optic,ME>LO.LOP,TmY5a,glutamate,0.6857371946866727,right,
720575940619211480,optic,LO>LOP,T5b,acetylcholine,0.6300910181856888,right,
720575940619761217,optic,ME>LO.LOP,TmY5a,glutamate,0.5890901817898077,right,
720575940637407845,optic,ME>LO.LOP,TmY5a,glutamate,0.7234257916431959,right,
720575940637441758,optic,ME>LOP,T4b,acetylcholine,0.5464865142091594,right,
720575940637612260,optic,ME>LOP,T4b,acetylcholine,0.5786735862784319,right,
720575940628764203,optic,ME>LOP,T4b,acetylcholine,0.7119590343557823,right,
720575940611829141,optic,ME>LOP,T4b,acetylcholine,0.6478421978166131,right,
720575940628362813,optic,LO>LOP,T5b,acetylcholine,0.4529034289228404,right,
720575940628399434,optic,LOP>LO.ME,Y12,glutamate,0.7364117411016303,right,
720575940628424776,optic,ME>LO.LOP,TmY5a,glutamate,0.7330319095783144,right,
720575940630430508,optic,ME>LO.LOP,TmY5a,glutamate,0.5797130505308765,right,
720575940619779465,optic,ME>LOP,T4b,acetylcholine,0.6496993048256748,right,
720575940605868418,optic,ME>LO.LOP,TmY5a,glutamate,0.7126479583753504,right,
720575940634086295,optic,ME>LOP,T4b,acetylcholine,0.5704347785279339,right,
720575940644063944,optic,ME>LO.LOP,TmY5a,glutamate,0.6489127101421017,right,
720575940644164718,optic,ME>LOP,T4b,acetylcholine,0.5174395160606909,right,
720575940611307669,optic,ME>LO.LOP,TmY5a,glutamate,0.7495716321314315,right,
720575940615602107,optic,ME>LOP,T4b,acetylcholine,0.6668542349422935,right,
720575940615617163,optic,ME>LO.LOP,TmY5a,glutamate,0.6854321938838126,right,
720575940615622685,optic,ME>LO.LOP,TmY5a,glutamate,0.6086888144851609,right,
720575940615630934,optic,ME>LOP,T4b,acetylcholine,0.5607749351456155,right,
720575940633664281,optic,ME>LOP,T4b,acetylcholine,0.6238444756677176,right,
720575940633697983,optic,LO>LOP,T5b,acetylcholine,0.6442320880037935,right,
720575940633388115,optic,ME>LO.LOP,TmY5a,glutamate,0.6435024940858438,right,
720575940643679688,optic,LO>LOP,T5b,acetylcholine,0.4433485264054856,right,
720575940642125813,optic,ME>LO.LOP,TmY5a,glutamate,0.6935022893138926,right,
720575940619925696,optic,ME>LOP,T4b,acetylcholine,0.6413730349810132,right,
720575940620003188,optic,ME>LO.LOP,TmY5a,glutamate,0.6157285852919713,right,
720575940642267021,optic,LO>LOP,T5b,acetylcholine,0.6191211429617055,right,
720575940619490507,optic,ME>LO.LOP,TmY5a,glutamate,0.7581251115479176,right,
720575940619631158,optic,ME>LOP,T4b,acetylcholine,0.7193486599154606,right,
720575940620059813,optic,ME>LOP,T4b,acetylcholine,0.6087917706272963,right,
720575940620148596,optic,ME>LOP,T4b,acetylcholine,0.6215248501139834,right,
720575940615329951,optic,LO>LOP,T5b,acetylcholine,0.5777651048747768,right,
720575940615556255,optic,LO>LOP,T5b,acetylcholine,0.6863975145976918,right,
720575940615560278,optic,LO>LOP,T5b,acetylcholine,0.5365464383336108,right,
720575940615598267,optic,ME>LOP,T4b,acetylcholine,0.6809805228979408,right,
720575940630437228,optic,ME>LOP,T4b,acetylcholine,0.6792205906098595,right,
720575940630221098,optic,LOP>LO.ME,Y12,glutamate,0.6342314781638356,right,
720575940630221980,optic,LO>LOP,T5b,acetylcholine,0.5159675793011892,right,
720575940630306775,optic,ME>LO.LOP,TmY5a,glutamate,0.5658421492069811,right,
720575940628304643,optic,LO>LOP,T5b,acetylcholine,0.5461153896982976,right,
720575940628347464,optic,ME>LO.LOP,TmY5a,glutamate,0.677681289427154,right,
720575940627958546,optic,ME>LOP,T4b,acetylcholine,0.5126980987964143,right,
720575940612125170,optic,ME>LOP,T4b,acetylcholine,0.5490051395033019,right,
720575940612145301,optic,LO>LOP,T5b,acetylcholine,0.7778065838937307,right,
720575940641410011,optic,ME>LOP,T4b,acetylcholine,0.5728271331915896,right,
720575940641435099,optic,ME>LOP,T4b,acetylcholine,0.6136194467834578,right,
720575940641577101,optic,ME>LOP,T4b,acetylcholine,0.5669608832012324,right,
720575940641613557,optic,ME>LO.LOP,TmY5a,glutamate,0.5885238421140363,right,
720575940628088582,optic,ME>LOP,T4b,acetylcholine,0.6869342349213015,right,
720575940638575192,optic,LO>LOP,T5b,acetylcholine,0.4773597771431173,right,
720575940637744094,optic,ME>LO.LOP,TmY5a,glutamate,0.630106777403645,right,
720575940637863401,optic,ME>LOP,T4b,acetylcholine,0.5524020178260428,right,
720575940637903076,optic,ME>LOP,T4b,acetylcholine,0.6055952796434249,right,
720575940637928158,optic,ME>LO.LOP,TmY5a,glutamate,0.6646127437117426,right,
720575940620474817,optic,LO>LOP,T5b,acetylcholine,0.6272160861911362,right,
720575940620528736,optic,LO>LOP,T5b,acetylcholine,0.6291235714939241,right,
720575940620263592,optic,ME>LO.LOP,TmY5a,glutamate,0.5245408053039738,right,
720575940620035408,optic,ME>LOP,T4b,acetylcholine,0.6068691372845006,right,
720575940615247839,optic,LO>LOP,T5b,acetylcholine,0.6685377242847332,right,
720575940620320094,optic,ME>LO.LOP,TmY5a,glutamate,0.6634023571901936,right,
720575940620346305,optic,ME>LOP,T4b,acetylcholine,0.6385538055090281,right,
720575940620656598,optic,LO>LOP,T5b,acetylcholine,0.5328205348668805,right,
720575940620671623,optic,ME>LO.LOP,TmY5a,glutamate,0.6784498249940751,right,
720575940620690768,optic,ME>LOP,T4b,acetylcholine,0.5297865516834346,right,
720575940620732525,optic,ME>LOP,T4b,acetylcholine,0.5152410709520966,right,
720575940633425581,optic,ME>LO.LOP,TmY5a,glutamate,0.6039936756665789,right,
720575940633454305,optic,ME>LOP,T4b,acetylcholine,0.698101860769397,right,
720575940633195489,optic,ME>LO.LOP,TmY5a,glutamate,0.581916846988725,right,
720575940607204530,optic,LO>LOP,T5b,acetylcholine,0.6039984432053376,right,
720575940607522226,optic,ME>LO.LOP,TmY5a,glutamate,0.6928089658185422,right,
720575940620346900,optic,LO>LOP,T5b,acetylcholine,0.5790437129980558,right,
720575940620348513,optic,LO>LOP,T5b,acetylcholine,0.590809036241758,right,
720575940642643252,optic,LO>LOP,T5b,acetylcholine,0.5723213579271733,right,
720575940641400795,optic,ME>LOP,T4b,acetylcholine,0.4531991566875013,right,
720575940607859804,optic,LO>LOP,T5b,acetylcholine,0.5343034612650416,right,
720575940620773217,optic,ME>LOP,T4b,acetylcholine,0.6954168144303988,right,
720575940620474059,optic,ME>LO.LOP,TmY5a,glutamate,0.6942391116435735,right,
720575940628165352,optic,ME>LO.LOP,TmY5a,glutamate,0.603780460024344,right,
720575940628216081,optic,ME>LO.LOP,TmY5a,glutamate,0.6469026248647677,right,
720575940645622051,optic,ME>LOP,T4b,acetylcholine,0.5887565076839012,right,
720575940645689396,optic,ME>LO.LOP,TmY5a,glutamate,0.6267589168471199,right,
720575940646184995,optic,ME>LOP,T4b,acetylcholine,0.6143884997279294,right,
720575940646496547,optic,ME>LOP,T4b,acetylcholine,0.5824407898115005,right,
720575940646603555,optic,ME>LO.LOP,TmY5a,glutamate,0.6257006233210134,right,
720575940646605876,optic,ME>LO.LOP,TmY5a,glutamate,0.654486892671129,right,
720575940628090353,optic,LO>LOP,T5b,acetylcholine,0.6296953315703276,right,
720575940627767624,optic,ME>LO.LOP,TmY5a,glutamate,0.621277145990843,right,
720575940615196010,optic,ME>LO.LOP,TmY5a,glutamate,0.6117281450198875,right,
720575940615218087,optic,LO>LOP,T5b,acetylcholine,0.6095411355029309,right,
720575940627635972,optic,LO>LOP,T5b,acetylcholine,0.6681919153125002,right,
720575940627694744,optic,ME>LO.LOP,TmY5a,glutamate,0.6246224232751475,right,
720575940621175649,optic,ME>LO.LOP,TmY5a,glutamate,0.7337823352255276,right,
720575940620809051,optic,ME>LO.LOP,TmY5a,glutamate,0.6176096978355566,right,
720575940614746847,optic,ME>LOP,T4b,acetylcholine,0.5621107222585507,right,
720575940620898544,optic,ME>LO.LOP,TmY5a,glutamate,0.6697067987409595,right,
720575940620951167,optic,ME>LO.LOP,TmY5a,glutamate,0.655406378651132,right,
720575940620563220,optic,ME>LO.LOP,TmY5a,glutamate,0.6158142650833941,right,
720575940621040065,optic,ME>LO.LOP,TmY5a,glutamate,0.6505320715358267,right,
720575940621044340,optic,ME>LOP,T4b,acetylcholine,0.5692006168376168,right,
720575940633245907,optic,ME>LOP,T4b,acetylcholine,0.5342676808416027,right,
720575940636088462,optic,ME>LOP,T4b,acetylcholine,0.692888479041114,right,
720575940635237044,optic,LO>LOP,T5b,acetylcholine,0.5825986293701527,right,
720575940635286196,optic,LO>LOP,T5b,acetylcholine,0.7139591241655231,right,
720575940607700060,optic,ME>LO.LOP,TmY5a,glutamate,0.6788864329964094,right,
720575940607853323,optic,ME>LO.LOP,TmY5a,glutamate,0.6903428964767145,right,
720575940630365689,optic,ME>LOP,T4b,acetylcholine,0.6951801454971599,right,
720575940620951472,optic,LO>LOP,T5b,acetylcholine,0.5598731658595584,right,
720575940641647668,optic,ME>LOP,T4b,acetylcholine,0.5755824389487509,right,
720575940640587472,optic,LO>LOP,T5b,acetylcholine,0.6537148041406058,right,
720575940635363168,optic,ME>LO.LOP,TmY5a,glutamate,0.7548455008358365,right,
720575940635368567,optic,ME>LO.LOP,TmY5a,glutamate,0.6870694758852212,right,
720575940635461239,optic,ME>LO.LOP,TmY5a,glutamate,0.7006025282464149,right,
720575940621053360,optic,ME>LO.LOP,TmY5a,glutamate,0.6723552374548573,right,
720575940621055323,optic,ME>LO.LOP,TmY5a,glutamate,0.5999984747655469,right,
720575940627776058,optic,ME>LO.LOP,TmY5a,glutamate,0.6959382553936156,right,
720575940627814163,optic,LO>LOP,T5b,acetylcholine,0.5747056668955672,right,
720575940609733845,optic,ME>LO.LOP,TmY5a,glutamate,0.6847777044213716,right,
720575940609782793,optic,ME>LO.LOP,TmY5a,glutamate,0.6937321232203358,right,
720575940608650507,optic,ME>LOP,T4b,acetylcholine,0.5389086827916691,right,
720575940627613928,optic,ME>LO.LOP,TmY5a,glutamate,0.6453979326259957,right,
720575940635503758,optic,ME>LOP,T4b,acetylcholine,0.6960321162473311,right,
720575940635544973,optic,ME>LOP,T4b,acetylcholine,0.7981074408849,right,
720575940633355987,optic,LO>LOP,T5b,acetylcholine,0.6745819959143088,right,
720575940620821441,optic,ME>LO.LOP,TmY5a,glutamate,0.7477178626191223,right,
720575940620831341,optic,ME>LOP,T4b,acetylcholine,0.4876244135002675,right,
720575940621191156,optic,ME>LO.LOP,TmY5a,glutamate,0.7466047298049442,right,
720575940621321057,optic,LO>LOP,T5b,acetylcholine,0.5833886474870086,right,
720575940621342902,optic,LO>LOP,T5b,acetylcholine,0.6862619173178459,right,
720575940621354155,optic,LOP>LO.ME,Y12,glutamate,0.7309576477108567,right,
720575940621358501,optic,ME>LO.LOP,TmY5a,glutamate,0.7068671042490634,right,
720575940612123866,optic,ME>LO.LOP,TmY5a,glutamate,0.6285950738377969,right,
720575940647818116,optic,ME>LOP,T4b,acetylcholine,0.5585813254694312,right,
720575940627469564,optic,ME>LOP,T4b,acetylcholine,0.5465908348104419,right,
720575940627192728,optic,ME>LO.LOP,TmY5a,glutamate,0.7400044155025737,right,
720575940627196772,optic,ME>LO.LOP,TmY5a,glutamate,0.7007940674593195,right,
720575940614974110,optic,LO>LOP,T5b,acetylcholine,0.4962647219657109,right,
720575940640721141,optic,ME>LOP,T4b,acetylcholine,0.5299839736327839,right,
720575940621690100,optic,LO>LOP,T5b,acetylcholine,0.6170687450824858,right,
720575940621747580,optic,LO>LOP,T5b,acetylcholine,0.522509135306469,right,
720575940621749416,optic,LO>LOP,T5b,acetylcholine,0.5024385127773212,right,
720575940621791237,optic,ME>LOP,T4b,acetylcholine,0.4946257604369754,right,
720575940621542765,optic,ME>LO.LOP,TmY5a,glutamate,0.6367064933081993,right,
720575940630400374,optic,ME>LOP,T4b,acetylcholine,0.578519632851188,right,
720575940609601092,optic,LO>LOP,T5b,acetylcholine,0.5149865972328226,right,
720575940609695790,optic,ME>LO.LOP,TmY5a,glutamate,0.705886311551622,right,
720575940630560763,optic,LO>LOP,T5b,acetylcholine,0.607664720593886,right,
720575940611982802,optic,ME>LOP,T4b,acetylcholine,0.5581204305482373,right,
720575940627267721,optic,ME>LO.LOP,TmY5a,glutamate,0.7487335102778057,right,
720575940627323157,optic,LO>LOP,T5b,acetylcholine,0.5679232804246327,right,
720575940627058186,optic,LO>LOP,T5b,acetylcholine,0.6313021209659991,right,
720575940606947529,optic,ME>LOP,T4b,acetylcholine,0.7206146416397572,right,
720575940632703023,optic,ME>LO.LOP,TmY5a,glutamate,0.6895020142513433,right,
720575940632734637,optic,LO>LOP,T5b,acetylcholine,0.6099936067845426,right,
720575940632782540,optic,ME>LO.LOP,TmY5a,glutamate,0.7222548891096277,right,
720575940632823912,optic,LO>LOP,T5b,acetylcholine,0.6000291389388106,right,
720575940621571149,optic,ME>LOP,T4b,acetylcholine,0.6603898248670746,right,
720575940627062291,optic,LO>LOP,T5b,acetylcholine,0.6302929228012032,right,
720575940627090002,optic,LO>LOP,T5b,acetylcholine,0.5784238520761911,right,
720575940627336714,optic,LOP,LPi02,glutamate,0.4326278676740444,right,
720575940612381335,optic,ME>LOP,T4b,acetylcholine,0.7315345832187157,right,
720575940612405477,optic,ME>LOP,T4b,acetylcholine,0.6132560081062453,right,
720575940611943141,optic,ME>LO.LOP,TmY5a,glutamate,0.573197203336437,right,
720575940608675851,optic,LOP>LO.ME,Y12,glutamate,0.6987201473993003,right,
720575940608867083,optic,ME>LO.LOP,TmY5a,glutamate,0.5965121706493097,right,
720575940621605997,optic,LO>LOP,T5b,acetylcholine,0.6481422455678502,right,
720575940614778335,optic,ME>LO.LOP,TmY5a,glutamate,0.6718310017134823,right,
720575940614952607,optic,ME>LOP,T4b,acetylcholine,0.5586472229341809,right,
720575940639907517,optic,LO>LOP,T5b,acetylcholine,0.6430543367642731,right,
720575940640183936,optic,ME>LOP,T4b,acetylcholine,0.6621257485305195,right,
720575940614986719,optic,LO>LOP,T5b,acetylcholine,0.5923323185247626,right,
720575940615040943,optic,LO>LOP,T5b,acetylcholine,0.5694773997664984,right,
720575940614427542,optic,LO>LOP,T5b,acetylcholine,0.6220101769643137,right,
720575940614449631,optic,ME>LO.LOP,TmY5a,glutamate,0.5800647483331866,right,
720575940630766610,optic,ME>LOP,T4b,acetylcholine,0.5520174920332174,right,
720575940630448896,optic,ME>LO.LOP,TmY5a,glutamate,0.6774668200046345,right,
720575940630466042,optic,ME>LO.LOP,TmY5a,glutamate,0.6754996415554322,right,
720575940626791293,optic,ME>LOP,T4b,acetylcholine,0.6613814293578355,right,
720575940626798353,optic,ME>LO.LOP,TmY5a,glutamate,0.7375348733241195,right,
720575940626835545,optic,LO>LOP,T5b,acetylcholine,0.553118926829746,right,
720575940627103588,optic,ME>LOP,T4b,acetylcholine,0.6157680961914768,right,
720575940621645829,optic,LO>LOP,T5b,acetylcholine,0.6203563248565055,right,
720575940621676817,optic,ME>LOP,T4b,acetylcholine,0.6989479581890283,right,
720575940632682067,optic,LO>LOP,T5b,acetylcholine,0.642167921647936,right,
720575940632665252,optic,ME>LOP,T4b,acetylcholine,0.6522688394405501,right,
720575940609251523,optic,LO>LOP,T5b,acetylcholine,0.4762492527748155,right,
720575940621949985,optic,LO>LOP,T5b,acetylcholine,0.5035939603126773,right,
720575940622362890,optic,LO>LOP,T5b,acetylcholine,0.7284663754488127,right,
720575940627154313,optic,ME>LOP,T4b,acetylcholine,0.5309145868771342,right,
720575940627180520,optic,ME>LO.LOP,TmY5a,glutamate,0.7246264164369343,right,
720575940626905496,optic,ME>LO.LOP,TmY5a,glutamate,0.7993009963217999,right,
720575940638375494,optic,LO>LOP,T5b,acetylcholine,0.5612289077227953,right,
720575940638379846,optic,LO>LOP,T5b,acetylcholine,0.5409498623425801,right,
720575940627007869,optic,ME>LO.LOP,TmY5a,glutamate,0.5818513749624656,right,
720575940627018259,optic,ME>LO.LOP,TmY5a,glutamate,0.6769224179228908,right,
720575940627021612,optic,ME>LOP,T4b,acetylcholine,0.7028380645498312,right,
720575940626760211,optic,ME>LOP,T4b,acetylcholine,0.6085468485899217,right,
720575940630996754,optic,ME>LOP,T4b,acetylcholine,0.6852854408225889,right,
720575940622378218,optic,ME>LO.LOP,TmY5a,glutamate,0.6929875311341019,right,
720575940640389208,optic,ME>LO.LOP,TmY5a,glutamate,0.747543320817147,right,
720575940622518298,optic,ME>LO.LOP,TmY5a,glutamate,0.6724230467854819,right,
720575940622557260,optic,ME>LO.LOP,TmY5a,glutamate,0.690312121589888,right,
720575940622620874,optic,LO>LOP,T5b,acetylcholine,0.6395024642475119,right,
720575940630637007,optic,ME>LO.LOP,TmY5a,glutamate,0.6461848175477383,right,
720575940631112668,optic,ME>LOP,T4b,acetylcholine,0.6434941229959076,right,
720575940631192620,optic,LO>LOP,T5b,acetylcholine,0.7316310492014334,right,
720575940638507497,optic,ME>LO.LOP,TmY5a,glutamate,0.5851044584125733,right,
720575940638547508,optic,ME>LOP,T4b,acetylcholine,0.5548826704398137,right,
720575940626872201,optic,LO>LOP,T5b,acetylcholine,0.7102107488298867,right,
720575940626597662,optic,ME>LO.LOP,TmY5a,glutamate,0.6896808796793603,right,
720575940626677480,optic,ME>LO.LOP,TmY5a,glutamate,0.7410766874955812,right,
720575940626700294,visual_projection,,LPTe01,acetylcholine,0.9341033839912012,right,
720575940622268748,optic,ME>LOP,T4b,acetylcholine,0.5256521868833204,right,
720575940632577934,optic,LO>LOP,T5b,acetylcholine,0.4417509534948558,right,
720575940622874385,optic,LO>LOP,T5b,acetylcholine,0.5891764773765851,right,
720575940622890710,optic,ME>LO.LOP,TmY5a,glutamate,0.6710735609633359,right,
720575940622890966,optic,ME>LO.LOP,TmY5a,glutamate,0.7095451211737691,right,
720575940609255177,optic,ME>LO.LOP,TmY5a,glutamate,0.6337047716874836,right,
720575940608276233,optic,LO>LOP,T5b,acetylcholine,0.6150564573826097,right,
720575940608278537,optic,ME>LOP,T4b,acetylcholine,0.7596012509639778,right,
720575940622276340,optic,ME>LO.LOP,TmY5a,glutamate,0.6286427492939275,right,
720575940622282762,optic,LO>LOP,T5b,acetylcholine,0.6376117915506156,right,
720575940622283786,optic,LO>LOP,T5b,acetylcholine,0.6215413667047694,right,
720575940622290252,optic,ME>LOP,T4b,acetylcholine,0.6925389427070567,right,
720575940614572950,optic,ME>LO.LOP,TmY5a,glutamate,0.6515132162925383,right,
720575940614590429,optic,LO>LOP,T5b,acetylcholine,0.6621677218109483,right,
720575940614722541,optic,LO>LOP,T5b,acetylcholine,0.6457145919298829,right,
720575940640254928,optic,LO>LOP,T5b,acetylcholine,0.6182568705009778,right,
720575940640302926,optic,ME>LO.LOP,TmY5a,glutamate,0.632836256363704,right,
720575940640321165,optic,ME>LO.LOP,TmY5a,glutamate,0.6655832619715629,right,
720575940622687757,optic,LO>LOP,T5b,acetylcholine,0.6029598690474917,right,
720575940622693119,optic,LO>LOP,T5b,acetylcholine,0.6050102129655314,right,
720575940622788195,optic,ME>LOP,T4b,acetylcholine,0.6900451178980659,right,
720575940626745118,optic,ME>LO.LOP,TmY5a,glutamate,0.7276424954054794,right,
720575940626867655,optic,ME>LO.LOP,TmY5a,glutamate,0.768833220371141,right,
720575940638199273,optic,ME>LO.LOP,TmY5a,glutamate,0.7376824604815961,right,
720575940638256612,optic,ME>LO.LOP,TmY5a,glutamate,0.6849356465681399,right,
720575940631295483,optic,LO>LOP,T5b,acetylcholine,0.5262936717860011,right,
720575940631306538,optic,LO>LOP,T5b,acetylcholine,0.5775759484185009,right,
720575940631310351,optic,LO>LOP,T5b,acetylcholine,0.583460610542071,right,
720575940612330446,optic,ME>LO.LOP,TmY5a,glutamate,0.6117932797430814,right,
720575940626458412,optic,ME>LOP,T4b,acetylcholine,0.5967980656800124,right,
720575940626481964,optic,ME>LOP,T4b,acetylcholine,0.5735892452508325,right,
720575940626492188,optic,ME>LO.LOP,TmY5a,glutamate,0.719477113058765,right,
720575940622867453,optic,ME>LO.LOP,TmY5a,glutamate,0.6162891849543581,right,
720575940622951779,optic,LOP>LO.ME,Y12,glutamate,0.6674421770400167,right,
720575940622639715,optic,LO>LOP,T5b,acetylcholine,0.6637660445741604,right,
720575940623010345,optic,ME>LOP,T4b,acetylcholine,0.6602872870423268,right,
720575940632388968,optic,ME>LO.LOP,TmY5a,glutamate,0.6301740600096802,right,
720575940626512837,optic,ME>LOP,T4b,acetylcholine,0.6063101448537969,right,
720575940626565852,optic,LO>LOP,T5b,acetylcholine,0.528671311140839,right,
720575940626094794,optic,ME>LOP,T4b,acetylcholine,0.6766824253544605,right,
720575940612861649,optic,LO>LOP,T5b,acetylcholine,0.652802819329693,right,
720575940612881578,optic,ME>LO.LOP,TmY5a,glutamate,0.660514932330851,right,
720575940612891670,optic,ME>LO.LOP,TmY5a,glutamate,0.6311215568020799,right,
720575940631235343,optic,LO>LOP,T5b,acetylcholine,0.6243492530043986,right,
720575940631856451,optic,LO>LOP,T5b,acetylcholine,0.6806384018988633,right,
720575940632919379,optic,ME>LO.LOP,TmY5a,glutamate,0.609348863881412,right,
720575940632433000,optic,ME>LOP,T4b,acetylcholine,0.5982791292266116,right,
720575940632452909,optic,LO>LOP,T5b,acetylcholine,0.6075680949763677,right,
720575940623100906,optic,ME>LOP,T4b,acetylcholine,0.4827750944152256,right,
720575940630893330,optic,ME>LO.LOP,TmY5a,glutamate,0.6869231456047429,right,
720575940630935803,optic,ME>LO.LOP,TmY5a,glutamate,0.6789041267035448,right,
720575940630941714,optic,LO>LOP,T5b,acetylcholine,0.5113943802483147,right,
720575940639037006,optic,LO>LOP,T5b,acetylcholine,0.621299123294901,right,
720575940626149680,optic,ME>LO.LOP,TmY5a,glutamate,0.5499459617908354,right,
720575940626161922,optic,LO>LOP,T5b,acetylcholine,0.6955604276959839,right,
720575940626210844,optic,LO>LOP,T5b,acetylcholine,0.5172571390016902,right,
720575940626240514,optic,LO>LOP,T5b,acetylcholine,0.4084941433187369,right,
720575940625929872,optic,ME>LOP,T4b,acetylcholine,0.6845872942776392,right,
720575940625958444,optic,ME>LOP,T4b,acetylcholine,0.5517411938295588,right,
720575940623164307,optic,LO>LOP,T5b,acetylcholine,0.5213790482310842,right,
720575940614397334,optic,ME>LO.LOP,TmY5a,glutamate,0.5502737512197935,right,
720575940644397092,optic,ME>LOP,T4b,acetylcholine,0.5783279145429469,right,
720575940644497943,optic,ME>LO.LOP,TmY5a,glutamate,0.7070414157389032,right,
720575940622945041,optic,ME>LOP,T4b,acetylcholine,0.7100082950574738,right,
720575940623746282,optic,ME>LO.LOP,TmY5a,glutamate,0.6087455691813741,right,
720575940644526024,optic,LO>LOP,T5b,acetylcholine,0.5011582661912172,right,
720575940623571383,optic,LO>LOP,T5b,acetylcholine,0.5186576006599308,right,
720575940623189130,optic,ME>LO.LOP,TmY5a,glutamate,0.7452503904874488,right,
720575940623189272,optic,ME>LO.LOP,TmY5a,glutamate,0.5971812688564057,right,
720575940623271914,optic,ME>LOP,T4b,acetylcholine,0.5876983272311217,right,
720575940623272268,optic,ME>LO.LOP,TmY5a,glutamate,0.6962950873686027,right,
720575940623289162,optic,ME>LOP,T4b,acetylcholine,0.649335704487902,right,
720575940623324630,optic,ME>LO.LOP,TmY5a,glutamate,0.6702599616359975,right,
720575940640522840,optic,LOP,LPi04,glutamate,0.6146135582659813,right,
720575940632454957,optic,LO>LOP,T5b,acetylcholine,0.6483624549885629,right,
720575940632509552,optic,ME>LOP,T4b,acetylcholine,0.6014472223016044,right,
720575940632534988,optic,LO>LOP,T5b,acetylcholine,0.5148981523262757,right,
720575940632547143,optic,ME>LO.LOP,TmY5a,glutamate,0.7112017800020072,right,
720575940639532240,optic,ME>LO.LOP,TmY5a,glutamate,0.6368729083133178,right,
720575940639564870,optic,ME>LOP,T4b,acetylcholine,0.637335062620168,right,
720575940639610019,optic,ME>LO.LOP,TmY5a,glutamate,0.6552974930382073,right,
720575940639761011,optic,ME>LO.LOP,TmY5a,glutamate,0.6294878945187091,right,
720575940623681672,optic,ME>LO.LOP,TmY5a,glutamate,0.5858615824606578,right,
720575940625968228,optic,LO>LOP,T5b,acetylcholine,0.50185604995466,right,
720575940625974572,optic,ME>LOP,T4b,acetylcholine,0.5040189799701217,right,
720575940646792739,optic,LO>LOP,T5b,acetylcholine,0.6203829941915316,right,
720575940646798883,optic,LO>LOP,T5b,acetylcholine,0.584991098419146,right,
720575940647087412,optic,ME>LO.LOP,TmY5a,glutamate,0.6114726534440256,right,
720575940626018748,optic,ME>LO.LOP,TmY5a,glutamate,0.6839627400222765,right,
720575940623714765,optic,ME>LOP,T4b,acetylcholine,0.542959270333099,right,
720575940623725803,optic,LO>LOP,T5b,acetylcholine,0.5931061678095876,right,
720575940623728522,optic,ME>LOP,T4b,acetylcholine,0.5192155809417776,right,
720575940623927559,optic,LO>LOP,T5b,acetylcholine,0.5007309303465314,right,
720575940638601030,optic,ME>LOP,T4b,acetylcholine,0.6389666503170739,right,
720575940638648639,optic,LOP>LO.ME,Y12,glutamate,0.6208294691552245,right,
720575940638894406,optic,ME>LOP,T4b,acetylcholine,0.6812291450946193,right,
720575940638894911,optic,ME>LO.LOP,TmY5a,glutamate,0.7263486277578227,right,
720575940625185319,optic,ME>LO.LOP,TmY5a,glutamate,0.7671436907886567,right,
720575940625891623,optic,ME>LO.LOP,TmY5a,glutamate,0.594865089415558,right,
720575940625896718,optic,ME>LO.LOP,TmY5a,glutamate,0.6375347637488242,right,
720575940625405005,optic,ME>LO.LOP,TmY5a,glutamate,0.6645781400627034,right,
720575940612963094,optic,ME>LO.LOP,TmY5a,glutamate,0.6146281638799247,right,
720575940612660520,optic,LO>LOP,T5b,acetylcholine,0.5106868219067954,right,
720575940623950077,optic,LO>LOP,T5b,acetylcholine,0.492869484740439,right,
720575940631894238,optic,ME>LOP,T4b,acetylcholine,0.5132639581673393,right,
720575940631668072,optic,ME>LOP,T4b,acetylcholine,0.5799956473784684,right,
720575940624168455,optic,ME>LO.LOP,TmY5a,glutamate,0.6741755574625693,right,
720575940632213924,optic,LO>LOP,T5b,acetylcholine,0.5015801973018683,right,
720575940632216290,optic,LO>LOP,T5b,acetylcholine,0.5344130645542113,right,
720575940632300345,optic,ME>LOP,T4b,acetylcholine,0.6298070155745452,right,
720575940632328403,optic,ME>LOP,T4b,acetylcholine,0.6393967742616817,right,
720575940632359566,optic,ME>LOP,T4b,acetylcholine,0.6297043171586636,right,
720575940623597704,optic,ME>LOP,T4b,acetylcholine,0.5758875875120593,right,
720575940623618999,optic,ME>LOP,T4b,acetylcholine,0.697794624986811,right,
720575940623674893,optic,ME>LOP,T4b,acetylcholine,0.6460782705679822,right,
720575940645145891,optic,ME>LOP,T4b,acetylcholine,0.6539862338089131,right,
720575940623417525,optic,ME>LOP,T4b,acetylcholine,0.5138850283175289,right,
720575940623502119,optic,ME>LOP,T4b,acetylcholine,0.5332827011809872,right,
720575940623520041,optic,ME>LO.LOP,TmY5a,glutamate,0.6448789627159802,right,
720575940623892777,optic,ME>LO.LOP,TmY5a,glutamate,0.7316717915948423,right,
720575940623987244,optic,ME>LOP,T4b,acetylcholine,0.5516927957630674,right,
720575940631368259,optic,LO>LOP,T5b,acetylcholine,0.4638775351172095,right,
720575940631110475,optic,ME>LOP,T4b,acetylcholine,0.6275298221064324,right,
720575940609062665,optic,ME>LOP,T4b,acetylcholine,0.6423866141777606,right,
720575940650521209,optic,ME>LOP,T4b,acetylcholine,0.661851070954087,right,
720575940651671542,optic,ME>LO.LOP,TmY5a,glutamate,0.6578019416609392,right,
720575940613305640,optic,ME>LOP,T4b,acetylcholine,0.6889782388784905,right,
720575940613342873,optic,LO>LOP,T5b,acetylcholine,0.5122326585903688,right,
720575940612906904,optic,LO>LOP,T5b,acetylcholine,0.5751659068337494,right,
720575940612945686,optic,LO>LOP,T5b,acetylcholine,0.6170575967864492,right,
720575940625460494,optic,ME>LO.LOP,TmY5a,glutamate,0.7194895047801607,right,
720575940625504601,optic,LO>LOP,T5b,acetylcholine,0.5838128435205979,right,
720575940623794154,optic,ME>LO.LOP,TmY5a,glutamate,0.6386129980952936,right,
720575940623828924,optic,ME>LO.LOP,TmY5a,glutamate,0.6242397448357201,right,
720575940624142316,optic,ME>LO.LOP,TmY5a,glutamate,0.6703722711455141,right,
720575940624164791,optic,ME>LO.LOP,TmY5a,glutamate,0.5995195472387439,right,
720575940631813391,optic,LO>LOP,T5b,acetylcholine,0.5187726724873215,right,
720575940631408203,optic,LO>LOP,T5b,acetylcholine,0.615458330687845,right,
720575940631501123,optic,LO>LOP,T5b,acetylcholine,0.5352845383852607,right,
720575940631502137,optic,ME>LO.LOP,TmY5a,glutamate,0.6724198446652311,right,
720575940624207031,optic,ME>LO.LOP,TmY5a,glutamate,0.5707798295310276,right,
720575940624241092,optic,ME>LO.LOP,TmY5a,glutamate,0.6255787264154126,right,
720575940624313068,optic,LO>LOP,T5b,acetylcholine,0.5779826993695034,right,
720575940624359974,optic,ME>LO.LOP,TmY5a,glutamate,0.6861449236783719,right,
720575940623986439,optic,LO>LOP,T5b,acetylcholine,0.5685725604819422,right,
720575940624411796,optic,ME>LOP,T4b,acetylcholine,0.5225617526094136,right,
720575940624430094,optic,LO>LOP,T5b,acetylcholine,0.7489542916971762,right,
720575940613718824,optic,LO>LOP,T5b,acetylcholine,0.6128261956002159,right,
720575940613751658,optic,ME>LO.LOP,TmY5a,glutamate,0.6959211527781176,right,
720575940613804083,optic,LO>LOP,T5b,acetylcholine,0.612141769323296,right,
720575940613876718,optic,LO>LOP,T5b,acetylcholine,0.5438972520433704,right,
720575940624823700,optic,LO>LOP,T5b,acetylcholine,0.654035129539084,right,
720575940624565006,optic,ME>LOP,T4b,acetylcholine,0.5179006616079662,right,
720575940624620779,optic,ME>LO.LOP,TmY5a,glutamate,0.6846933272689257,right,
720575940636011127,optic,LO>LOP,T5b,acetylcholine,0.6966681425909744,right,
720575940625641418,optic,LO>LOP,T5b,acetylcholine,0.6995248486454096,right,
720575940625109432,optic,ME>LO.LOP,TmY5a,glutamate,0.5781031337002872,right,
720575940625171533,optic,ME>LOP,T4b,acetylcholine,0.6718219031438318,right,
720575940624785422,optic,ME>LO.LOP,TmY5a,glutamate,0.6344546805285437,right,
720575940624796990,optic,ME>LO.LOP,TmY5a,glutamate,0.6539596744547862,right,
720575940625210130,optic,LO>LOP,T5b,acetylcholine,0.5238648396755425,right,
720575940625233552,optic,ME>LOP,T4b,acetylcholine,0.6305253534162335,right,
720575940625270798,optic,ME>LO.LOP,TmY5a,glutamate,0.6835629368349563,right,
720575940625339324,optic,ME>LO.LOP,TmY5a,glutamate,0.6418017664178021,right,
720575940624846823,optic,ME>LOP,T4b,acetylcholine,0.5979915316413957,right,
720575940631762233,optic,ME>LOP,T4b,acetylcholine,0.5896400689742498,right,
720575940631548714,optic,LO>LOP,T5b,acetylcholine,0.5129016934262186,right,
720575940631560504,optic,LO>LOP,T5b,acetylcholine,0.7477137770402952,right,
720575940631567687,optic,ME>LOP,T4b,acetylcholine,0.5233400253358212,right,
720575940624658184,optic,ME>LO.LOP,TmY5a,glutamate,0.7173613954291307,right,
720575940624677048,optic,LO>LOP,T5b,acetylcholine,0.659437917529407,right,
720575940624718862,optic,ME>LOP,T4b,acetylcholine,0.6211706623278062,right,
720575940624379317,optic,ME>LO.LOP,TmY5a,glutamate,0.7370599879125872,right,
720575940613415922,optic,ME>LO.LOP,TmY5a,glutamate,0.6724000379422307,right,
720575940613422033,optic,ME>LO.LOP,TmY5a,glutamate,0.7372475932908308,right,
720575940613471205,optic,ME>LOP,T4b,acetylcholine,0.610162061989584,right,
720575940613492502,optic,ME>LO.LOP,TmY5a,glutamate,0.7269209702023869,right,
720575940613499857,optic,LO>LOP,T5b,acetylcholine,0.565260309985004,right,
720575940613645487,optic,ME>LOP,T4b,acetylcholine,0.6946459408717657,right,
720575940624439015,optic,LO>LOP,T5b,acetylcholine,0.5709499970847514,right,
720575940624097535,optic,ME>LO.LOP,TmY5a,glutamate,0.692030861179575,right,
720575940624101709,optic,LO>LOP,T5b,acetylcholine,0.6962344885305889,right,
720575940639449909,optic,ME>LO.LOP,TmY5a,glutamate,0.7835623688068205,right,
720575940624913848,optic,ME>LO.LOP,TmY5a,glutamate,0.6574204933208703,right,
720575940613288499,optic,ME>LOP,T4b,acetylcholine,0.5278218152651957,right,
720575940613292595,optic,ME>LOP,T4b,acetylcholine,0.5842969033605492,right,
720575940635615156,optic,ME>LO.LOP,TmY5a,glutamate,0.7395278518937786,right,
720575940635894158,optic,ME>LO.LOP,TmY5a,glutamate,0.6879138940371373,right,
720575940635913840,optic,ME>LOP,T4b,acetylcholine,0.4969727660194432,right,
720575940635926008,optic,LO>LOP,T5b,acetylcholine,0.662068705122639,right,
720575940635981167,optic,LO>LOP,T5b,acetylcholine,0.5836126274714529,right,
720575940635994872,optic,ME>LO.LOP,TmY5a,glutamate,0.632355610536587,right,
720575940624961328,optic,LO>LOP,T5b,acetylcholine,0.5399855535640061,right,
720575940647123076,optic,LOP>LO.ME,Y12,glutamate,0.7054145237342093,right,
720575940631601227,optic,ME>LOP,T4b,acetylcholine,0.5684069125123825,right,
720575940631630476,optic,ME>LO.LOP,TmY5a,glutamate,0.6137994153856602,right,
720575940636419502,optic,LO>LOP,T5b,acetylcholine,0.571576256235439,right,
720575940617111227,optic,ME>LO.LOP,TmY5a,glutamate,0.7150396100053344,right,
720575940617162779,optic,ME>LO.LOP,TmY5a,glutamate,0.6462209413603957,right,
720575940634942143,optic,LO>LOP,T5b,acetylcholine,0.4778781352798729,right,
720575940634202480,optic,LO>LOP,T5b,acetylcholine,0.6970645854784496,right,
720575940634206576,optic,LO>LOP,T5b,acetylcholine,0.7184319889808188,right,
720575940634215836,optic,LO>LOP,T5b,acetylcholine,0.5193744819697622,right,
720575940634320097,optic,ME>LO.LOP,TmY5a,glutamate,0.5090394093957527,right,
720575940629942492,optic,ME>LO.LOP,TmY5a,glutamate,0.6647033954278982,right,
720575940629974978,optic,ME>LO.LOP,TmY5a,glutamate,0.6230230485890236,right,
720575940629575921,optic,ME>LOP,T4b,acetylcholine,0.5638400655681405,right,
720575940629622263,optic,ME>LO.LOP,TmY5a,glutamate,0.6381350101778877,right,
720575940629632615,optic,ME,Mi10,acetylcholine,0.8341929054379003,right,
720575940630025175,optic,ME>LO.LOP,TmY5a,glutamate,0.7105120672417609,right,
720575940617185403,optic,LO>LOP,T5b,acetylcholine,0.6424025870145441,right,
720575940617198265,optic,ME>LO.LOP,TmY5a,glutamate,0.688442899740618,right,
720575940616544139,optic,ME>LO.LOP,TmY5a,glutamate,0.6155715158462753,right,
720575940616505174,optic,ME>LO.LOP,TmY5a,glutamate,0.6565946373179816,right,
720575940616471126,optic,ME>LO.LOP,TmY5a,glutamate,0.7111633515883451,right,
720575940655641505,optic,ME>LO.LOP,TmY5a,glutamate,0.6900775784958695,right,
720575940635220148,optic,ME>LOP,T4b,acetylcholine,0.5058298663271148,right,
720575940635223397,optic,ME>LOP,T4b,acetylcholine,0.5442431551918484,right,
720575940661243777,optic,ME>LO.LOP,TmY5a,glutamate,0.594376279195192,right,
720575940655819937,optic,ME,Mi9,glutamate,0.4894075644746847,right,
720575940616493115,optic,ME>LOP,T4b,acetylcholine,0.6565415192065699,right,
720575940616525073,optic,ME>LOP,T4b,acetylcholine,0.5691752694664287,right,
720575940616582027,optic,LO>LOP,T5b,acetylcholine,0.7470287703224184,right,
720575940634890095,optic,LO>LOP,T5b,acetylcholine,0.5751051706009013,right,
720575940634893534,optic,ME>LOP,T4b,acetylcholine,0.6079775435754212,right,
720575940616929595,optic,LO>LOP,T5b,acetylcholine,0.5388855193415827,right,
720575940616976657,optic,ME>LOP,T4b,acetylcholine,0.5738551570803112,right,
720575940610070596,optic,LO>LOP,T5b,acetylcholine,0.5984808971413942,right,
720575940610367812,optic,LO>LOP,T5b,acetylcholine,0.5528551339464713,right,
720575940609341141,optic,LO>LOP,T5b,acetylcholine,0.6820612050139921,right,
720575940660737921,optic,LO>LOP,T5b,acetylcholine,0.6395449723562596,right,
720575940601672201,optic,ME>LOP,T4b,acetylcholine,0.5738738543891895,right,
720575940624742548,optic,ME>LOP,T4b,acetylcholine,0.6601584392298838,right,
720575940624752316,optic,LO>LOP,T5b,acetylcholine,0.5352344962560711,right,
720575940624822771,optic,LO>LOP,T5b,acetylcholine,0.6914664822440526,right,
720575940639304563,optic,ME>LOP,T4b,acetylcholine,0.5358967959787089,right,
720575940639396003,optic,LO>LOP,T5b,acetylcholine,0.4718694001169003,right,
720575940613292798,optic,ME>LOP,T4b,acetylcholine,0.5345342610786137,right,
720575940636492151,optic,LOP>LO.ME,Y12,glutamate,0.6656459317305945,right,
720575940639471413,optic,ME>LO.LOP,TmY5a,glutamate,0.5421406509296063,right,
720575940631622712,optic,ME>LOP,T4b,acetylcholine,0.653394101737677,right,
720575940631872569,optic,ME>LOP,T4b,acetylcholine,0.5224137285380208,right,
720575940624483410,optic,ME>LOP,T4b,acetylcholine,0.6084657164486861,right,
720575940631758562,optic,ME>LOP,T4b,acetylcholine,0.5346709136228648,right,
720575940625523545,optic,ME>LOP,T4b,acetylcholine,0.5810978097260101,right,
720575940625571405,optic,ME>LO.LOP,TmY5a,glutamate,0.6169600961006626,right,
720575940625148967,optic,ME>LO.LOP,TmY5a,glutamate,0.6769129356167712,right,
720575940624804861,optic,LO>LOP,T5b,acetylcholine,0.4889704676084195,right,
720575940625204226,optic,LO>LOP,T5b,acetylcholine,0.5177682409437901,right,
720575940631443308,optic,ME>LO.LOP,TmY5a,glutamate,0.660230228536319,right,
720575940624377096,optic,ME>LOP,T4b,acetylcholine,0.5290017282110417,right,
720575940623970231,optic,ME>LOP,T4b,acetylcholine,0.7184575803114893,right,
720575940624380652,optic,ME>LOP,T4b,acetylcholine,0.7017420033514098,right,
720575940624388756,optic,ME>LOP,T4b,acetylcholine,0.524368773934032,right,
720575940624404005,optic,ME>LO.LOP,TmY5a,glutamate,0.681402148956089,right,
720575940624412820,optic,ME>LOP,T4b,acetylcholine,0.602920727318066,right,
720575940624434616,optic,LO>LOP,T5b,acetylcholine,0.4793116736438667,right,
720575940613889587,optic,LO>LOP,T5b,acetylcholine,0.6136215719160996,right,
720575940613896829,optic,ME>LOP,T4b,acetylcholine,0.6337124229174911,right,
720575940624041451,optic,LO>LOP,T5b,acetylcholine,0.5221317218575637,right,
720575940609068227,optic,LO>LOP,T5b,acetylcholine,0.682365157733514,right,
720575940613312423,optic,ME>LOP,T4b,acetylcholine,0.5612260760605707,right,
720575940613323262,optic,ME>LOP,T4b,acetylcholine,0.5911098393341556,right,
720575940612893359,optic,ME>LO.LOP,TmY5a,glutamate,0.7764141644604555,right,
720575940623853821,optic,ME>LO.LOP,TmY5a,glutamate,0.6887663146434464,right,
720575940631749903,optic,ME>LO.LOP,TmY5a,glutamate,0.7165071821264356,right,
720575940632122947,optic,ME>LO.LOP,TmY5a,glutamate,0.6530753260151755,right,
720575940632280903,optic,ME>LOP,T4b,acetylcholine,0.653984149671758,right,
720575940623596435,optic,LO>LOP,T5b,acetylcholine,0.5288577370229184,right,
720575940623624840,optic,ME>LO.LOP,TmY5a,glutamate,0.6748796610373288,right,
720575940623499814,optic,ME>LOP,T4b,acetylcholine,0.7306542260002121,right,
720575940623854077,optic,LO>LOP,T5b,acetylcholine,0.6206626514846239,right,
720575940623866153,optic,LO>LOP,T5b,acetylcholine,0.5499877354376232,right,
720575940638806591,optic,LO>LOP,T5b,acetylcholine,0.6072299270154837,right,
720575940625823376,optic,LO>LOP,T5b,acetylcholine,0.6519922627354573,right,
720575940612947887,optic,ME>LO.LOP,TmY5a,glutamate,0.6735875424119706,right,
720575940613036525,optic,ME>LOP,T4b,acetylcholine,0.7392649992114084,right,
720575940632068623,optic,LO>LOP,T5b,acetylcholine,0.597402878598341,right,
720575940631703341,optic,LO>LOP,T5b,acetylcholine,0.6065715754545121,right,
720575940631729548,optic,ME>LOP,T4b,acetylcholine,0.649079421383597,right,
720575940639505240,optic,ME>LOP,T4b,acetylcholine,0.6086076105805562,right,
720575940639766131,optic,ME>LO.LOP,TmY5a,glutamate,0.7050360302016179,right,
720575940626302138,optic,ME>LOP,T4b,acetylcholine,0.705175449197178,right,
720575940626381356,optic,ME>LOP,T4b,acetylcholine,0.5437162019933435,right,
720575940646797347,optic,LO>LOP,T5b,acetylcholine,0.5611472255276587,right,
720575940647036804,optic,LO>LOP,T5b,acetylcholine,0.5544230607275625,right,
720575940612669849,optic,ME>LOP,T4b,acetylcholine,0.5630794232070044,right,
720575940625989907,optic,ME>LOP,T4b,acetylcholine,0.5708174927772378,right,
720575940623731396,optic,LO>LOP,T5b,acetylcholine,0.5017021486469491,right,
720575940644608036,optic,ME>LOP,T4b,acetylcholine,0.7326248911918408,right,
720575940623202634,optic,ME>LOP,T4b,acetylcholine,0.5817537035601257,right,
720575940623207608,optic,LO>LOP,T5b,acetylcholine,0.6740535023753151,right,
720575940623248010,optic,LO>LOP,T5b,acetylcholine,0.7353704605211072,right,
720575940640516571,visual_projection,,LPTe01,acetylcholine,0.9538011467162024,right,
720575940623126762,optic,LO>LOP,T5b,acetylcholine,0.5654489983560459,right,
720575940623153961,optic,ME>LOP,T4b,acetylcholine,0.677805836722045,right,
720575940636017527,optic,ME>LOP,T4b,acetylcholine,0.6129025424376608,right,
720575940636024183,optic,LO>LOP,T5b,acetylcholine,0.4725423079425506,right,
720575940631256338,optic,LO>LOP,T5b,acetylcholine,0.4466953004734447,right,
720575940626220588,optic,ME>LOP,T4b,acetylcholine,0.5279349587143394,right,
720575940625961516,optic,LO>LOP,T5b,acetylcholine,0.5119141630021191,right,
720575940614269607,optic,ME>LO.LOP,TmY5a,glutamate,0.6844400427559445,right,
720575940614276002,optic,LO>LOP,T5b,acetylcholine,0.5811521100068057,right,
720575940622936811,optic,ME>LOP,T4b,acetylcholine,0.6015872211107448,right,
720575940622638691,optic,ME>LOP,T4b,acetylcholine,0.6099499858174781,right,
720575940623022889,optic,ME>LOP,T4b,acetylcholine,0.5832306698252028,right,
720575940631829644,optic,LO>LOP,T5b,acetylcholine,0.6127522144733955,right,
720575940626506329,optic,ME>LO.LOP,TmY5a,glutamate,0.590882918308512,right,
720575940626560220,optic,LO>LOP,T5b,acetylcholine,0.6142401050263225,right,
720575940626251909,optic,LO>LOP,T5b,acetylcholine,0.5861678907613339,right,
720575940626397778,optic,ME>LOP,T4b,acetylcholine,0.5758368188609827,right,
720575940626435459,optic,LO>LOP,T5b,acetylcholine,0.5730933980911896,right,
720575940626441561,optic,LO>LOP,T5b,acetylcholine,0.57160709276242,right,
720575940612751513,optic,LO>LOP,T5b,acetylcholine,0.3881795659127097,right,
720575940612773338,optic,ME>LOP,T4b,acetylcholine,0.579688692839412,right,
720575940632416398,optic,LO>LOP,T5b,acetylcholine,0.4941597729298853,right,
720575940614024866,optic,ME>LO.LOP,TmY5a,glutamate,0.7659336902838438,right,
720575940614224126,optic,LO>LOP,T5b,acetylcholine,0.587000425900265,right,
